,Subject,Link
0,Active Audience: Course guide,https://guides.library.columbia.edu/activeaudience
1,Adriatic Romanticisms,https://guides.library.columbia.edu/romanticism
2,Advanced Investment Research: Course guide,https://guides.library.columbia.edu/AIR
3,Advanced Investment Research: Course guide,https://guides.library.columbia.edu/advinvestment
4,African Civilization (AFCV C1020),https://guides.library.columbia.edu/AFCV-C1020-001
5,African Diaspora & African Literatures,https://guides.library.columbia.edu/African_Diaspora_and_African_Literatures
6,African-American Studies,https://guides.library.columbia.edu/afamst
7,American Graphic Novel,https://guides.library.columbia.edu/AMST-W3630
8,American History and American Studies,https://guides.library.columbia.edu/american
9,Ancient and classical literature,https://guides.library.columbia.edu/CLAS
10,Anthropology of Contemporary Italy,https://guides.library.columbia.edu/ITAL-W4055-001
11,Anthropology Research Guide,https://guides.library.columbia.edu/ANTH
12,Applied Physics & Applied Mathematics Research Guide,https://guides.library.columbia.edu/APAM
13,Archaeology: Resources for Research,https://guides.library.columbia.edu/archaeology_resources_for_research
14,Architecture,https://guides.library.columbia.edu/ARCH
15,Architecture: Basic Resources for Research,https://guides.library.columbia.edu/architecture
16,Arnold A. Saltzman Institute of War and Peace Studies,https://guides.library.columbia.edu/c.php?g=387118
17,Art History,https://guides.library.columbia.edu/AHIS
18,Art History: Resources for Research,https://guides.library.columbia.edu/art_history_resources_for_research
19,Art of the Américas,https://guides.library.columbia.edu/latinamerica_art
20,Asian Civilization Course Guide,https://guides.library.columbia.edu/ASCE
21,Bangladesh,https://guides.library.columbia.edu/sasia-bangladesh
22,Barnard: Research Methods/Religion Lab,https://guides.library.columbia.edu/BarnardReligionLabResearch
23,Basic Guide to Research on Africa,https://guides.library.columbia.edu/basic_guide_to_research_on_africa
24,Behaving & Misbehaving: The Body in Early Modern Europe,https://guides.library.columbia.edu/thebody
25,Bhutan,https://guides.library.columbia.edu/sasia-bhutan
26,Biblical Studies,https://guides.library.columbia.edu/biblicalstudies
27,Bill of Rights (POLS-UN3921-001),https://guides.library.columbia.edu/POLS-UN3921-001
28,Bioethics Research Guide,https://guides.library.columbia.edu/bioethics
29,Biology Research Guide,https://guides.library.columbia.edu/biology
30,Biology Research Guide for Courseworks,https://guides.library.columbia.edu/BIOL
31,Biomedical & Health Sciences Research Guide,https://guides.library.columbia.edu/Biomedical
32,Biomedical Engineering Research Guide,https://guides.library.columbia.edu/BMEN
33,Bloomberg Help Guide,https://guides.library.columbia.edu/bloomberg
34,British History,https://guides.library.columbia.edu/brithist
35,Business & Economics Guides,https://guides.library.columbia.edu/researchguides
36,Business & Economics Journalism,https://guides.library.columbia.edu/journalism-business
37,Business School MS students,https://guides.library.columbia.edu/ms
38,Campaigns & Elections,https://guides.library.columbia.edu/usgd/campaigns
39,Capital IQ Research Guide,https://guides.library.columbia.edu/capitaliq
40,CBS MBA Orientation,https://guides.library.columbia.edu/MBA
41,Census Geography/Maps/GIS,https://guides.library.columbia.edu/geography
42,Census of Agriculture,https://guides.library.columbia.edu/agcensus
43,Chemical Engineering Research Guide,https://guides.library.columbia.edu/CHEN
44,Chemistry Research Guide,https://guides.library.columbia.edu/chemistry
45,Chemistry Research Guide,https://guides.library.columbia.edu/CHEM
46,Chinese Oral History & Papers,https://guides.library.columbia.edu/c.php?g=826896
47,Chinese Rare Books and Special Collections,https://guides.library.columbia.edu/c.php?g=826838
48,Civil Engineering Research Guide,https://guides.library.columbia.edu/CIEN
49,Civil Wars and International Interventions in Africa,https://guides.library.columbia.edu/cwii-africa
50,Civil Wars and International Interventions in Africa (POLS V3604),https://guides.library.columbia.edu/POLS-V3604-001
51,CLME UN1520: Introduction to Modern Hebrew Literature,https://guides.library.columbia.edu/CLME-W1520
52,CLYD W3600: Holocaust Literature: A Survey,https://guides.library.columbia.edu/CLYD-W3600
53,Colloquium on Precolonial African Historiography (HIST G8760),https://guides.library.columbia.edu/HIST-G8760--001
54,Columbia Historical Corporate Annual Reports,https://guides.library.columbia.edu/Hist_Corp_Rept
55,Columbia University Archives,https://guides.library.columbia.edu/uarchives
56,Columbia University Buildings: Research Guide & Selected Bibliography,https://guides.library.columbia.edu/columbia_university_buildings
57,Company Information Guide,https://guides.library.columbia.edu/company
58,Comparative Literature and Society,https://guides.library.columbia.edu/CPLS
59,Comparative Urban Policy: Research Guide,https://guides.library.columbia.edu/PUAF-U6239
60,Computer Science Research Guide,https://guides.library.columbia.edu/COMS
61,Contemporary African Politics,https://guides.library.columbia.edu/contemporary-African-politics
62,Contemporary African Politics (POLS GU4496),https://guides.library.columbia.edu/POLS-GU4496-001
63,Contemporary Western Civilization I,https://guides.library.columbia.edu/COCI-C1101-041
64,Contemporary Western Civilization I,https://guides.library.columbia.edu/COCI-C1101-036
65,Contemporary Western Civilization II,https://guides.library.columbia.edu/COCI-C1102-041
66,Contemporary Western Civilization II,https://guides.library.columbia.edu/COCI-C1102-048
67,Copy of East Asian Studies Course Guide,https://guides.library.columbia.edu/EARL
68,Courseworks Research Guide,https://guides.library.columbia.edu/courseguides
69,Craft & Science: Objects and Making in the Early Modern World,https://guides.library.columbia.edu/HIST-G8906
70,Crash Course in Business Research,https://guides.library.columbia.edu/businessresearch
71,CSER-W3919 MODES OF INQUIRY,https://guides.library.columbia.edu/CSER-W3919
72,Cultural Anthropology,https://guides.library.columbia.edu/anthropology
73,Culturas Hispánicas I,https://guides.library.columbia.edu/CulturasHispanicas
74,Current Controversies in Primate Behavior and Ecology,https://guides.library.columbia.edu/EEEB-W3940
75,Data & Statistics for Journalists,https://guides.library.columbia.edu/journalism-data
76,Data Reporting & Ethnic Communities,https://guides.library.columbia.edu/JOUR-J6001-010
77,Database Searching Guide,https://guides.library.columbia.edu/c.php?g=518800
78,Decennial Census (Population & Housing),https://guides.library.columbia.edu/decennialcensus
79,Decennial Census Information: 1790 Census,https://guides.library.columbia.edu/1790
80,Decennial Census Information: 1800 Census,https://guides.library.columbia.edu/1800
81,Decennial Census Information: 1810 Census,https://guides.library.columbia.edu/1810
82,Decennial Census Information: 1820 Census,https://guides.library.columbia.edu/1820
83,Decennial Census Information: 1830 Census,https://guides.library.columbia.edu/1830
84,Decennial Census Information: 1840 Census,https://guides.library.columbia.edu/1840
85,Decennial Census Information: 1850 Census,https://guides.library.columbia.edu/1850
86,Decennial Census Information: 1860 Census,https://guides.library.columbia.edu/1860
87,Decennial Census Information: 1870 Census,https://guides.library.columbia.edu/1870
88,Decennial Census Information: 1880 Census,https://guides.library.columbia.edu/1880
89,Decennial Census Information: 1890 Census,https://guides.library.columbia.edu/1890
90,Decennial Census Information: 1900 Census,https://guides.library.columbia.edu/1900
91,Decennial Census Information: 1910 Census,https://guides.library.columbia.edu/1910
92,Decennial Census Information: 1920 Census,https://guides.library.columbia.edu/1920
93,Decennial Census Information: 1930 Census,https://guides.library.columbia.edu/1930
94,Decennial Census Information: 1940 Census,https://guides.library.columbia.edu/1940
95,Decennial Census Information: 1950 Census,https://guides.library.columbia.edu/1950
96,Decennial Census Information: 1960 Census,https://guides.library.columbia.edu/1960
97,Decennial Census Information: 1970 Census,https://guides.library.columbia.edu/1970
98,Decennial Census Information: 1980 Census,https://guides.library.columbia.edu/1980
99,Decennial Census Information: 1990 Census,https://guides.library.columbia.edu/1990
100,Decennial Census Information: 2000 Census,https://guides.library.columbia.edu/2000
101,Decennial Census Information: 2010 Census,https://guides.library.columbia.edu/2010
102,Dinosaurs and Evolution of the Earth Research Guide,https://guides.library.columbia.edu/Dinosaurs
103,Discovering Chinese Materials,https://guides.library.columbia.edu/c.php?g=384568
104,"Dissertations & Theses (South & Southeast Asia including Australia, New Zealand)",https://guides.library.columbia.edu/sasia-theses
105,Documentaries in Journalism,https://guides.library.columbia.edu/journalism-documentaries
106,Earth & Environmental Engineering Research Guide,https://guides.library.columbia.edu/EAEE
107,Earth and Environmental Sciences Research Guide,https://guides.library.columbia.edu/Earth_Environmental
108,Earth and Environmental Sciences Research Guide for Courseworks,https://guides.library.columbia.edu/EESC
109,"Earth Systems and Environmental Politics, Policy, and Management: Research Guide",https://guides.library.columbia.edu/ENVP-U6241
110,East Africa & The Swahili Coast (MDES W3130),https://guides.library.columbia.edu/MDES-W3130-001
111,East Asian History Course Guide,https://guides.library.columbia.edu/HSEA
112,East Asian Humanities Course Guide,https://guides.library.columbia.edu/AHUM
113,East Asian Studies Course Guide,https://guides.library.columbia.edu/EAAS
114,East Asian Studies Research Guide,https://guides.library.columbia.edu/eastasian
115,"Ecology, Evolution & Environmental Biology (E3B) Research Guide for Courseworks",https://guides.library.columbia.edu/EEEB
116,"Ecology, Evolution & Evolutionary Biology (E3B) Research Guide",https://guides.library.columbia.edu/E3B
117,Economic Indicator,https://guides.library.columbia.edu/EconIndicator
118,Economics Research Guide,https://guides.library.columbia.edu/ECON
119,Electrical Engineering Research Guide,https://guides.library.columbia.edu/ELEN
120,Electronic Resources for Chinese Studies,https://guides.library.columbia.edu/c.php?g=826847
121,Eloquent Animals in Medieval Literature,https://guides.library.columbia.edu/eloquentanimals
122,Energy Resource Guide,https://guides.library.columbia.edu/energy
123,Engineering Databases,https://guides.library.columbia.edu/c.php?g=543611
124,English and American Literature,https://guides.library.columbia.edu/english
125,English for International and Public Affairs Research Guide,https://guides.library.columbia.edu/INAFU6950
126,Entrepreneurship,https://guides.library.columbia.edu/entrepreneurship
127,Environmental Fundamentals: Research Guide,https://guides.library.columbia.edu/INAF-U6071-001
128,Environmental Policy Studies,https://guides.library.columbia.edu/environmentpolicy
129,Executive Leadership,https://guides.library.columbia.edu/POLS-W3922-004
130,Executive Master of Public Policy and Administration: Research Guide,https://guides.library.columbia.edu/EMPA
131,Exploring New York City,https://guides.library.columbia.edu/exploring_nyc
132,Fascism in Germany & Italy,https://guides.library.columbia.edu/fascism
133,Film Studies,https://guides.library.columbia.edu/FILM
134,"Film Studies: Latin America, Caribbean Portugal, and Spain",https://guides.library.columbia.edu/latinamerica_film
135,Finding Consumer Behavior Data,https://guides.library.columbia.edu/consumerdata
136,Food Sustainability Research Guide,https://guides.library.columbia.edu/FoodSustainability
137,Foreign Press Translations,https://guides.library.columbia.edu/translations
138,Frank Lloyd Wright Research Guide,https://guides.library.columbia.edu/frank-lloyd-wright
139,French Empires,https://guides.library.columbia.edu/french-empires
140,French Language & Literature,https://guides.library.columbia.edu/french
141,French Language & Literature,https://guides.library.columbia.edu/FREN
142,French Proseminar,https://guides.library.columbia.edu/FREN-G8091
143,Fula Language and Culture Acquisitions at Columbia,https://guides.library.columbia.edu/fula-language
144,Funding Sources - Science & Engineering,https://guides.library.columbia.edu/funding-sources
145,Gender & Development in Southeast Asia: Research Guide,https://guides.library.columbia.edu/REGN-U6639
146,General Census Monographs,https://guides.library.columbia.edu/general
147,German Studies,https://guides.library.columbia.edu/germanstudies
148,Getting Started,https://guides.library.columbia.edu/getting-started
149,GIS and Spatial Data,https://guides.library.columbia.edu/GIS
150,Graphic Novels,https://guides.library.columbia.edu/graphic-novels
151,"Guide to European and UK Libraries, Archives and Research Centers",https://guides.library.columbia.edu/historytheses
152,Hausa Language and Culture Acquisitions at Columbia,https://guides.library.columbia.edu/hausa-language
153,Hispanic New York,https://guides.library.columbia.edu/hispanic_nyc
154,HIST 3603: Jewish Immigration,https://guides.library.columbia.edu/HIST-W3603
155,HIST G6999: Modern German History,https://guides.library.columbia.edu/HIST-G6999
156,HIST W3304: Modern German History,https://guides.library.columbia.edu/HIST-W3304
157,HIST W4604: Jews and the City,https://guides.library.columbia.edu/HIST-3604
158,HISTG8300 : Interwar Internationalism Reconsidered,https://guides.library.columbia.edu/HIST-G8300
159,Historic Preservation,https://guides.library.columbia.edu/historic_preservation
160,Histories of Poverty in Africa,https://guides.library.columbia.edu/histories-of-poverty-in-Africa
161,Histories of Poverty in Africa (HIS UN3789),https://guides.library.columbia.edu/HIST-UN3789-001-2018-1
162,History,https://guides.library.columbia.edu/history
163,History,https://guides.library.columbia.edu/HIST
164,History of Ecology and Environmentalism: Research Guide,https://guides.library.columbia.edu/INAF-U6236-001
165,History of Health and Healing in Africa (HIS GU4769),https://guides.library.columbia.edu/HISTGU4769-001
166,How to Search Online Journal Articles?,https://guides.library.columbia.edu/c.php?g=827085
167,Human Rights,https://guides.library.columbia.edu/humanrights
168,Human Rights Studies,https://guides.library.columbia.edu/humanrights_studies
169,Image Collections Online,https://guides.library.columbia.edu/imagesonline
170,Immigration Policy Guide,https://guides.library.columbia.edu/SOCW-T6801
171,India,https://guides.library.columbia.edu/sasia-india
172,Indian Music,https://guides.library.columbia.edu/sasia-music
173,Indian Rebellion of 1857,https://guides.library.columbia.edu/sasia-history-rebellion
174,Industrial Engineering & Operations Research Research Guide,https://guides.library.columbia.edu/IEOR
175,Industry Research Guide,https://guides.library.columbia.edu/industry
176,Information and Knowledge Strategy,https://guides.library.columbia.edu/ikns
177,International Affairs Research Guide,https://guides.library.columbia.edu/INAF
178,International Conflict Resolution,https://guides.library.columbia.edu/conflict
179,International Relations,https://guides.library.columbia.edu/IR
180,International Roots of the Civil Rights Movement,https://guides.library.columbia.edu/AzaranskyCivilRights
181,International Security Policy & Military Affairs,https://guides.library.columbia.edu/securitypolicy
182,Investigative Techniques,https://guides.library.columbia.edu/journalism/investigate
183,Investigative Techniques: Scholarly and Business Research,https://guides.library.columbia.edu/Scholarly_Business_Research
184,Italian,https://guides.library.columbia.edu/ITAL
185,Italian Language & Literature,https://guides.library.columbia.edu/italian
186,Italian Renaissance Literature & Culture,https://guides.library.columbia.edu/ITAL-W4043-001
187,J6004-001: Business & Economics Reporting,https://guides.library.columbia.edu/JOUR-J6004-001
188,J6950-002: Business & Economics Journalism Seminar,https://guides.library.columbia.edu/JOUR-J6950-002
189,Japanese Studies Course Guide : Literature,https://guides.library.columbia.edu/EAAS-W3405-001
190,Japanese Studies CourseWork Guide,https://guides.library.columbia.edu/HSEA-G9875-001
191,Japanese Studies CourseWorks Guide : Literary Studies,https://guides.library.columbia.edu/JPNS-G9060-001
192,Japanese Studies Research Guide,https://guides.library.columbia.edu/japanese-studies-guide
193,Jewish Studies,https://guides.library.columbia.edu/jewishstudies
194,JOUR-J6001-001: Reporting on City Council,https://guides.library.columbia.edu/JOUR-J6001-001
195,JOUR6001J013,https://guides.library.columbia.edu/JOUR6001J013
196,Journalism in South Asia,https://guides.library.columbia.edu/sasia-journalism
197,Journalism Master's Project Resources,https://guides.library.columbia.edu/JOUR-J6041
198,Journalism Research Guide,https://guides.library.columbia.edu/journalism
199,Korean Studies Research Guide Original,https://guides.library.columbia.edu/korean-studies
200,Landscape Design,https://guides.library.columbia.edu/LAND
201,Landscape Design: Basic Resources for Research,https://guides.library.columbia.edu/landscape_design
202,Latin American & Iberian Studies Microform Collections,https://guides.library.columbia.edu/latinamerica_microform
203,Latin American and Iberian Cultures,https://guides.library.columbia.edu/SPAN
204,"Latin American, Caribbean, and Iberian Studies",https://guides.library.columbia.edu/latinamerica
205,LCAAJ Digital Archive User Guide,https://guides.library.columbia.edu/lcaaj
206,Library Research Guide for Social Work,https://guides.library.columbia.edu/SOCW
207,Library Resources for Journalism Courses,https://guides.library.columbia.edu/JOUR
208,Lodging Industry Research Guide,https://guides.library.columbia.edu/lodging
209,Mainstreaming Gender in Global Affairs: Research Guide,https://guides.library.columbia.edu/INAF-U6374
210,Making African History (HIS G9762),https://guides.library.columbia.edu/HIST-G9762-001
211,Marketing and Advertising,https://guides.library.columbia.edu/Marketing_And_Advertising
212,Marketing Research: course guide,https://guides.library.columbia.edu/marketingres
213,Marketing Research: course guide,https://guides.library.columbia.edu/marketingresearch
214,Mass Media and American Democracy: Research Guide,https://guides.library.columbia.edu/POLS-W3218
215,Mathematics Research Guide,https://guides.library.columbia.edu/math
216,Mechanical Engineering Research Guide,https://guides.library.columbia.edu/MECE
217,Methods in Development Practice (INAF U6827),https://guides.library.columbia.edu/INAF-U6827
218,Methods in the Study of Religion,https://guides.library.columbia.edu/BarnardReligionLabArchives
219,Modern European Studies,https://guides.library.columbia.edu/MEUS-G6100
220,"Music in Latin America, the Caribbean, Portugal & Spain",https://guides.library.columbia.edu/latinamerica_music
221,Music Research Guide,https://guides.library.columbia.edu/MUSI
222,Nepal,https://guides.library.columbia.edu/sasia-nepal
223,New Product Marketing,https://guides.library.columbia.edu/newproductmarketing
224,New York City Atlases & Land Books,https://guides.library.columbia.edu/nyc-atlases
225,New York City Buildings: Research Guide,https://guides.library.columbia.edu/nyc-buildings
226,New York City Data Resources,https://guides.library.columbia.edu/nycdata
227,New York City Government Information,https://guides.library.columbia.edu/nyc
228,New York State Government Information,https://guides.library.columbia.edu/nys
229,"News & Newspapers from Latin America, the Caribbean, Portugal, and Spain",https://guides.library.columbia.edu/latinamerica_news
230,News Sources,https://guides.library.columbia.edu/news
231,Nonprofit Organizations,https://guides.library.columbia.edu/nonprofit
232,Obtaining Original Census Schedules,https://guides.library.columbia.edu/schedules
233,Off the News,https://guides.library.columbia.edu/journalism/off_the_news
234,Oral History Research Guide,https://guides.library.columbia.edu/oral_history
235,Pakistan Studies,https://guides.library.columbia.edu/sasia-pakistan
236,"Patents, Technical Reports, and Standards",https://guides.library.columbia.edu/patents-techreports-standards
237,PhD Candidates in Business and Economics,https://guides.library.columbia.edu/phd
238,Philosophy,https://guides.library.columbia.edu/PHIL
239,Photography: Guide to Research,https://guides.library.columbia.edu/photography
240,Physical Anthropology & Primatology Research Guide,https://guides.library.columbia.edu/physical-anthropology
241,Physics and Astronomy Research Guide,https://guides.library.columbia.edu/PHYS
242,Physics and Astronomy Research Guide,https://guides.library.columbia.edu/ASTR
243,Physics and Astronomy Research Guide,https://guides.library.columbia.edu/physics-astronomy
244,Political Science,https://guides.library.columbia.edu/polisci
245,Political Science Research Guide,https://guides.library.columbia.edu/POLS
246,"Polling, Surveys, & Public Opinion",https://guides.library.columbia.edu/c.php?g=380546
247,"Population, Migration and Refugee Studies",https://guides.library.columbia.edu/migration
248,Printing in Watson Library,https://guides.library.columbia.edu/printing
249,Program In Economic Policy Management: Research Guide,https://guides.library.columbia.edu/PEPM
250,Psychology Research Guide,https://guides.library.columbia.edu/Psychology
251,Psychology Research Guide for Courseworks,https://guides.library.columbia.edu/PSYC
252,Public Affairs: Research Guide,https://guides.library.columbia.edu/PUAF
253,Publications of Intergovernmental Organizations (IGOs),https://guides.library.columbia.edu/igo
254,Pulitzer Collections,https://guides.library.columbia.edu/pulitzer
255,Quantitative Methods in the Social Sciences,https://guides.library.columbia.edu/QMSS
256,R for Statistical Analysis,https://guides.library.columbia.edu/Rstats
257,Real Estate Research Guide,https://guides.library.columbia.edu/realestate
258,Real Estate: Basic Resources for Research,https://guides.library.columbia.edu/real-estate-avery
259,Religious Studies Course Guide,https://guides.library.columbia.edu/RELI
260,Religious Studies Research Guide,https://guides.library.columbia.edu/religious-studies
261,Religious Worlds of New York,https://guides.library.columbia.edu/ReligiousWorlds
262,Reporting on Ethnic Communities,https://guides.library.columbia.edu/journalism-ethnic
263,Reporting on Ethnic Communities Course Guide,https://guides.library.columbia.edu/JOUR-J6001-002
264,Reporting on NYC Neighborhoods,https://guides.library.columbia.edu/journalism-nyc
265,Reporting on Religion,https://guides.library.columbia.edu/JOUR-RELIGION-TBA
266,Reporting on Transportation,https://guides.library.columbia.edu/JOUR-J6001-015
267,Research Guides by Topic,https://guides.library.columbia.edu/topics
268,Researching Health Policy Legislation,https://guides.library.columbia.edu/sw/healthpolicy
269,Resources for Biblical Languages,https://guides.library.columbia.edu/BiblicalLanguages
270,Resources for CJS Alumni,https://guides.library.columbia.edu/journalism-alumni
271,Resources for Faculty,https://guides.library.columbia.edu/facultyresources
272,Resources for Political Science Majors,https://guides.library.columbia.edu/poliscimajors
273,Seminar on Policy Practice I,https://guides.library.columbia.edu/SOCW-T7143
274,Social Movements & Citizenship in Africa (REGN U6410),https://guides.library.columbia.edu/REGN-U6410-001
275,Social Work Library Agency Collection,https://guides.library.columbia.edu/sw/swagency
276,Social Work Library Agency Collection,https://guides.library.columbia.edu/swagency
277,Social Work Reference Materials,https://guides.library.columbia.edu/sw/reference
278,Sociology,https://guides.library.columbia.edu/sociology
279,Sociology Research Guide,https://guides.library.columbia.edu/SOCI
280,Software available in Watson Library,https://guides.library.columbia.edu/software
281,South Asian Epics,https://guides.library.columbia.edu/sasia-epics
282,Southeast Asia,https://guides.library.columbia.edu/seasia
283,Sports Management,https://guides.library.columbia.edu/sportsmanagement
284,Sri Lanka,https://guides.library.columbia.edu/sasia-srilanka
285,Statistics Research Guide,https://guides.library.columbia.edu/STAT
286,Strategic Communication,https://guides.library.columbia.edu/StrategicCommunication
287,Strategic Communications,https://guides.library.columbia.edu/stratcomm
288,Studio-X Global Network,https://guides.library.columbia.edu/studio-x
289,Sustainability Policy Studies,https://guides.library.columbia.edu/sustainability-policy
290,Sustainable Development Research Guide,https://guides.library.columbia.edu/SDEV
291,"Swahili Language and Culture Acquisitions at Columbia, 1979-2017",https://guides.library.columbia.edu/swahilibib
292,The American Graphic Novel,https://guides.library.columbia.edu/AMSTUN3630
293,The Budget Process,https://guides.library.columbia.edu/usgd/budget
294,The European Union,https://guides.library.columbia.edu/c.php?g=401689
295,The Legislative Process,https://guides.library.columbia.edu/usgd/legislative
296,The Maldives,https://guides.library.columbia.edu/sasia-maldives
297,The Novel in Africa,https://guides.library.columbia.edu/MDES-GU4122-001
298,The Novel in Africa,https://guides.library.columbia.edu/novel-in-Africa
299,The Regulatory Process,https://guides.library.columbia.edu/usgd/regulatory
300,Theatre and Dance Studies,https://guides.library.columbia.edu/THEA
301,Theories of International Relations: Research Guide,https://guides.library.columbia.edu/POLS-W3218-001
302,Third World Security Issues: Research Guide,https://guides.library.columbia.edu/INAF-U6416
303,Tibetan Civilization CourseWorks Guide,https://guides.library.columbia.edu/ASCE-V1375
304,Tibetan Manuscript Studies: A Research Guide,https://guides.library.columbia.edu/TIBT-W2413-001
305,Tibetan Sacred Space Research Guide,https://guides.library.columbia.edu/EARL-W4312-001
306,Tibetan Studies Introductory Research Guide,https://guides.library.columbia.edu/tibetan
307,U.S. Foreign Policy,https://guides.library.columbia.edu/foreignpolicy
308,United Nations Resources,https://guides.library.columbia.edu/un
309,University Writing CC1010,https://guides.library.columbia.edu/ENGL-C1010
310,University Writing GS1010,https://guides.library.columbia.edu/ENGL-F1010
311,University Writing S1010,https://guides.library.columbia.edu/ENGL-S1010
312,Urban Planning,https://guides.library.columbia.edu/PLAN
313,Urban Planning: Basic Resources for Research,https://guides.library.columbia.edu/urban-planning
314,Using American FactFinder (AFF),https://guides.library.columbia.edu/census-aff
315,W.K.W. Endowment Fund,https://guides.library.columbia.edu/WKWendowment
316,West & Luhby: Reporting,https://guides.library.columbia.edu/JOUR-J6001-009
317,Western European History since 1450,https://guides.library.columbia.edu/europe
318,Wolof Language and Culture Acquisitions at Columbia,https://guides.library.columbia.edu/wolof-language
319,Women in Development,https://guides.library.columbia.edu/womendev
320,Women in the Black Freedom Movement: Using Archives,https://guides.library.columbia.edu/AzaranskyWomenBlackFreedomMovement
321,"Women, Gender and Sexuality Studies",https://guides.library.columbia.edu/women-gender-sexuality
322,"Women, Gender, and Sexuality",https://guides.library.columbia.edu/WMST
323,Workshop in Development Practice,https://guides.library.columbia.edu/development-practice
324,Workshop in Development Practice (SIPA U9001-001),https://guides.library.columbia.edu/SIPA-U9001-001
325,Workshop in Development Practice (SIPA U9001-002),https://guides.library.columbia.edu/SIPA-U9001-002
326,Writing Women in Medieval France and England,https://guides.library.columbia.edu/CLFR-W3617-001
327,Zulu Language and Culture Acquisitions at Columbia,https://guides.library.columbia.edu/zulu-language
