,Category,Subject,Link
0,Accounting,"""Business Research Center""",https://guides.lib.utexas.edu/BRC
1,Accounting,Accounting & Tax Research (ACC),https://guides.lib.utexas.edu/ACC
2,Advertising,Advertising and Public Relations,https://guides.lib.utexas.edu/ADVPR
3,Aerospace Engineering,Aerospace Engineering,https://guides.lib.utexas.edu/aerospace
4,African American Studies,African and African American Studies,https://guides.lib.utexas.edu/AAAS
5,African American Studies,Black Queer Studies Collection,https://guides.lib.utexas.edu/bqsc
6,African and African Diaspora Studies,AFR 317E: Afro-Brazilian Diaspora - Afolabi,https://guides.lib.utexas.edu/c.php?g=730546
7,African and African Diaspora Studies,African and African American Studies,https://guides.lib.utexas.edu/AAAS
8,African and African Diaspora Studies,Black Queer Studies Collection,https://guides.lib.utexas.edu/bqsc
9,African and African Diaspora Studies,"Visual Resources Collection, Fine Arts Library",https://guides.lib.utexas.edu/c.php?g=518591
10,Alternative Medicine,Medicine,https://guides.lib.utexas.edu/medicine
11,American Studies,American Studies,https://guides.lib.utexas.edu/c.php?g=531304
12,American Studies,Disability Studies,https://guides.lib.utexas.edu/disabilitystudies
13,Anthropology,Anthropology,https://guides.lib.utexas.edu/anthropology
14,Arabic,Middle Eastern Studies,https://guides.lib.utexas.edu/mes
15,Archaeology,Archaeology,https://guides.lib.utexas.edu/archaeology
16,Archaeology,Classics,https://guides.lib.utexas.edu/classics
17,Archaeology,Classics Library News,https://guides.lib.utexas.edu/ClassicsLibraryNews
18,Archaeology,Greek and Roman Archaeology,https://guides.lib.utexas.edu/greekroman_arch
19,Architectural History,Architectural History,https://guides.lib.utexas.edu/arch_history
20,Architectural History,ARTstor,https://guides.lib.utexas.edu/artstor
21,Architectural History,Digital Scholarship and the School of Architecture,https://guides.lib.utexas.edu/DS_SOA
22,Architectural History,Texas Architects and Architecture,https://guides.lib.utexas.edu/texas_arch
23,Architecture,Architecture,https://guides.lib.utexas.edu/architecture
24,Architecture,ARTstor,https://guides.lib.utexas.edu/artstor
25,Architecture,Digital Scholarship and the School of Architecture,https://guides.lib.utexas.edu/DS_SOA
26,Architecture,Texas Architects and Architecture,https://guides.lib.utexas.edu/texas_arch
27,Architecture,"Visual Resources Collection, Fine Arts Library",https://guides.lib.utexas.edu/c.php?g=518591
28,Architecture and Planning,ARC 308 - Architecture and Society - Speck,https://guides.lib.utexas.edu/ARC_308
29,Architecture and Planning,Architectural History,https://guides.lib.utexas.edu/arch_history
30,Architecture and Planning,Architecture,https://guides.lib.utexas.edu/architecture
31,Architecture and Planning,ARTstor,https://guides.lib.utexas.edu/artstor
32,Architecture and Planning,Community and Regional Planning,https://guides.lib.utexas.edu/crp
33,Architecture and Planning,Digital Scholarship and the School of Architecture,https://guides.lib.utexas.edu/DS_SOA
34,Architecture and Planning,Historic Preservation,https://guides.lib.utexas.edu/historicpreservation
35,Architecture and Planning,Interior Design,https://guides.lib.utexas.edu/interior_design
36,Architecture and Planning,Landscape Architecture,https://guides.lib.utexas.edu/land_arch
37,Architecture and Planning,Sustainable Design,https://guides.lib.utexas.edu/sustainable_design
38,Architecture and Planning,Texas Architects and Architecture,https://guides.lib.utexas.edu/texas_arch
39,Architecture and Planning,Urban Design,https://guides.lib.utexas.edu/urban_design
40,Art and Art History,Art and Art History,https://guides.lib.utexas.edu/art
41,Art and Art History,Art Education,https://guides.lib.utexas.edu/c.php?g=554001
42,Art and Art History,Artists' Books at the Fine Arts Library,https://guides.lib.utexas.edu/artistsbooks
43,Art and Art History,ARTstor,https://guides.lib.utexas.edu/artstor
44,Art and Art History,Ellsworth Kelly's Austin,https://guides.lib.utexas.edu/ellsworthkelly
45,Art and Art History,Greek and Roman Art,https://guides.lib.utexas.edu/greekroman_art
46,Art and Art History,Images,https://guides.lib.utexas.edu/images
47,Art and Art History,"Visual Resources Collection, Fine Arts Library",https://guides.lib.utexas.edu/c.php?g=518591
48,Art and Art History,Zines,https://guides.lib.utexas.edu/zines
49,Asian American Studies,Asian-American Studies,https://guides.lib.utexas.edu/asianamericanstudies
50,Asian American Studies,Disability Studies,https://guides.lib.utexas.edu/disabilitystudies
51,Asian Studies,China Studies,https://guides.lib.utexas.edu/China
52,Asian Studies,East Asian Studies,https://guides.lib.utexas.edu/EAS
53,Asian Studies,Japan Studies,https://guides.lib.utexas.edu/Japan
54,Asian Studies,Korea Studies,https://guides.lib.utexas.edu/Korea
55,Asian Studies,South Asian Studies,https://guides.lib.utexas.edu/southasianstudies
56,Asian Studies,Taiwan Studies,https://guides.lib.utexas.edu/Taiwan
57,Astronomy,Astronomy,https://guides.lib.utexas.edu/astronomy
58,Biochemistry,Biochemistry,https://guides.lib.utexas.edu/biochemistry
59,Bioinformatics,Biomedical Big Data Resource Center,https://guides.lib.utexas.edu/biomecdicalresourcecenter
60,Biology,BEACON Public Engagement Workshop,https://guides.lib.utexas.edu/BEACONworkshop
61,Biology,Biochemistry,https://guides.lib.utexas.edu/biochemistry
62,Biology,Biology,https://guides.lib.utexas.edu/biology
63,Biology,Biomedical Big Data Resource Center,https://guides.lib.utexas.edu/biomecdicalresourcecenter
64,Biology,"Individual & Population Variation in Biology, Medicine, & Society",https://guides.lib.utexas.edu/PopUpVariation
65,Biomedical Engineering,Biomedical Engineering,https://guides.lib.utexas.edu/bme
66,Biomedical Engineering,BME 333T - Engineering Communication - DeMont - Maymester,https://guides.lib.utexas.edu/demont-maymester
67,Business,"""Business Research Center""",https://guides.lib.utexas.edu/BRC
68,Business,Accounting & Tax Research (ACC),https://guides.lib.utexas.edu/ACC
69,Business,BA 324 - Business Communication,https://guides.lib.utexas.edu/BA324
70,Business,Business Plans,https://guides.lib.utexas.edu/BusinessPlans
71,Business,"Business, Government & Society (BGS)",https://guides.lib.utexas.edu/BGS
72,Business,Career Research Tools,https://guides.lib.utexas.edu/CareerTools
73,Business,Company Research,https://guides.lib.utexas.edu/company
74,Business,Country Research,https://guides.lib.utexas.edu/country
75,Business,Data for Business Research,https://guides.lib.utexas.edu/DataBR
76,Business,Emerging Markets Country Reports,https://guides.lib.utexas.edu/emcr
77,Business,FIN 374S - Entrepreneurial Finance - Hughes,https://guides.lib.utexas.edu/entfin
78,Business,Finance (FIN),https://guides.lib.utexas.edu/FIN
79,Business,Financial Statement Analysis,https://guides.lib.utexas.edu/fsa
80,Business,Fulbright Visiting Scholar Program For Iraq,https://guides.lib.utexas.edu/FVSPI
81,Business,Human Dimensions of Organizations,https://guides.lib.utexas.edu/hdo
82,Business,IB 350 - International Trade & Investment,https://guides.lib.utexas.edu/ib350
83,Business,Industry Research,https://guides.lib.utexas.edu/industry
84,Business,"Information, Risk & Operations Management (IROM)",https://guides.lib.utexas.edu/IROM
85,Business,MAN 327 - Innovation & Entrepreneurship,https://guides.lib.utexas.edu/MAN327IE
86,Business,MAN 366P - MGMT PRACT: Social Entrepreneurship,https://guides.lib.utexas.edu/MPSE
87,Business,Management (MAN),https://guides.lib.utexas.edu/MAN
88,Business,Market Research,https://guides.lib.utexas.edu/market
89,Business,Marketing (MKT),https://guides.lib.utexas.edu/MKT
90,Business,MBA Strategic Career Planning,https://guides.lib.utexas.edu/mbascp
91,Business,MKT 460 - Information and Analysis,https://guides.lib.utexas.edu/mkt460
92,Business,MSBA Career Resources,https://guides.lib.utexas.edu/MSBACareer
93,Business,MSF Career Resources,https://guides.lib.utexas.edu/MSFcareer
94,Business,MSM Career Resources,https://guides.lib.utexas.edu/MSMcareer
95,Business,Technology Commercialization (MSTC),https://guides.lib.utexas.edu/MSTC
96,"Business, Government and Society","""Business Research Center""",https://guides.lib.utexas.edu/BRC
97,"Business, Government and Society","Business, Government & Society (BGS)",https://guides.lib.utexas.edu/BGS
98,Caribbean Studies,Latin American Studies,https://guides.lib.utexas.edu/latinamericanstudies
99,Chemical Engineering,Chemical Engineering,https://guides.lib.utexas.edu/chemicalengineering
100,Chemical Engineering,Physical & Thermodynamic Properties,https://guides.lib.utexas.edu/chemistry/properties
101,Chemistry,Biochemistry,https://guides.lib.utexas.edu/biochemistry
102,Chemistry,Chemistry,https://guides.lib.utexas.edu/chemistry
103,Chemistry,Chemistry Guest Seminars,https://guides.lib.utexas.edu/chemistry/seminars
104,Chemistry,Physical & Thermodynamic Properties,https://guides.lib.utexas.edu/chemistry/properties
105,Chemistry,Spectra and Spectral Data,https://guides.lib.utexas.edu/chemistry/spectra
106,China Studies,China Studies,https://guides.lib.utexas.edu/China
107,China Studies,East Asian Studies,https://guides.lib.utexas.edu/EAS
108,China Studies,Taiwan Studies,https://guides.lib.utexas.edu/Taiwan
109,Civil and Architectural Engineering,"Civil, Architectural and Environmental Engineering",https://guides.lib.utexas.edu/caee
110,Classics,Archaeology,https://guides.lib.utexas.edu/archaeology
111,Classics,Classics,https://guides.lib.utexas.edu/classics
112,Classics,Classics Library News,https://guides.lib.utexas.edu/ClassicsLibraryNews
113,Classics,Early Christianity,https://guides.lib.utexas.edu/earlychristianity
114,Classics,Greek and Latin Literature,https://guides.lib.utexas.edu/greek_latin
115,Classics,Greek and Roman Archaeology,https://guides.lib.utexas.edu/greekroman_arch
116,Classics,Greek and Roman Art,https://guides.lib.utexas.edu/greekroman_art
117,Classics,Greek and Roman Military History,https://guides.lib.utexas.edu/grecoroman_military
118,Classics,Greek and Roman Mythology,https://guides.lib.utexas.edu/greekroman_myth
119,Classics,KIN 349 – History of Sport & Physical Activity - Beckwith,https://guides.lib.utexas.edu/KIN349
120,Classics,Medieval and Renaissance Studies,https://guides.lib.utexas.edu/mrs
121,Collections,Artists' Books at the Fine Arts Library,https://guides.lib.utexas.edu/artistsbooks
122,Collections,Black Queer Studies Collection,https://guides.lib.utexas.edu/bqsc
123,Collections,Film & Video Resources,https://guides.lib.utexas.edu/c.php?g=720098
124,Collections,Historical Music Recordings Collection,https://guides.lib.utexas.edu/hmrc
125,Collections,Zines,https://guides.lib.utexas.edu/zines
126,Communication Sciences and Disorders,Communication Sciences And Disorders,https://guides.lib.utexas.edu/CSD
127,Communication Studies,Communication Studies,https://guides.lib.utexas.edu/COM
128,Community and Regional Planning,ARTstor,https://guides.lib.utexas.edu/artstor
129,Community and Regional Planning,Community and Regional Planning,https://guides.lib.utexas.edu/crp
130,Community and Regional Planning,Digital Scholarship and the School of Architecture,https://guides.lib.utexas.edu/DS_SOA
131,Community and Regional Planning,Urban Design,https://guides.lib.utexas.edu/urban_design
132,Comparative Literature,Black Queer Studies Collection,https://guides.lib.utexas.edu/bqsc
133,Comparative Literature,E314,https://guides.lib.utexas.edu/e314
134,Computer Sciences,Computer Science,https://guides.lib.utexas.edu/CS
135,Consumer Health,"Individual & Population Variation in Biology, Medicine, & Society",https://guides.lib.utexas.edu/PopUpVariation
136,Consumer Health,Medicine,https://guides.lib.utexas.edu/medicine
137,Consumer Health,Nursing,https://guides.lib.utexas.edu/nursing
138,Curriculum and Instruction,Education Research,https://guides.lib.utexas.edu/education
139,Curriculum and Instruction,K-12 Textbooks,https://guides.lib.utexas.edu/k12textbooks
140,Curriculum and Instruction,Youth Literature,https://guides.lib.utexas.edu/youthlit
141,Dance,TD 301 - Introduction to Theatre / Carlson,https://guides.lib.utexas.edu/IntroductionToTheatre
142,Dance,"TD 311C - Performance as Public Practice / Bonin, Carlson, & Darlington",https://guides.lib.utexas.edu/PerformancePublicPractice
143,Dance,TD 388 - Research Methods and Resources - Alrutz,https://guides.lib.utexas.edu/td388research_resources
144,Dance,Theatre & Dance,https://guides.lib.utexas.edu/theatredance
145,Design,Design,https://guides.lib.utexas.edu/designguide
146,Digital Scholarship,Data & Donuts,https://guides.lib.utexas.edu/data-and-donuts
147,Digital Scholarship,Data Lab,https://guides.lib.utexas.edu/datalab
148,Digital Scholarship,Data Visualization,https://guides.lib.utexas.edu/data-visualization
149,Digital Scholarship,Digital Humanities Tools and Resources,https://guides.lib.utexas.edu/digitalhumanities
150,Digital Scholarship,Finding Humanities Data,https://guides.lib.utexas.edu/c.php?g=815698
151,Digital Scholarship,Omeka,https://guides.lib.utexas.edu/omeka
152,Digital Scholarship,Preserving Web Sites using WinHTTrack,https://guides.lib.utexas.edu/WinHTTrack_Guide
153,Digital Scholarship,Scraping Twitter,https://guides.lib.utexas.edu/c.php?g=743999
154,Digital Scholarship,Text Analysis,https://guides.lib.utexas.edu/c.php?g=773325
155,Disability Studies,Counseling and Therapy,https://guides.lib.utexas.edu/counseling
156,Disability Studies,Disability Studies,https://guides.lib.utexas.edu/disabilitystudies
157,Dutch Literature,Dutch Literature,https://guides.lib.utexas.edu/dutch_lit
158,East Asian Studies,China Studies,https://guides.lib.utexas.edu/China
159,East Asian Studies,East Asian Studies,https://guides.lib.utexas.edu/EAS
160,East Asian Studies,Japan Studies,https://guides.lib.utexas.edu/Japan
161,East Asian Studies,Korea Studies,https://guides.lib.utexas.edu/Korea
162,East Asian Studies,Taiwan Studies,https://guides.lib.utexas.edu/Taiwan
163,Economics,Data for Business Research,https://guides.lib.utexas.edu/DataBR
164,Economics,Economics,https://guides.lib.utexas.edu/economic
165,Education,Disability Studies,https://guides.lib.utexas.edu/disabilitystudies
166,Education,Education Research,https://guides.lib.utexas.edu/education
167,Education,Educational Psychology,https://guides.lib.utexas.edu/edpsych
168,Education,K-12 Textbooks,https://guides.lib.utexas.edu/k12textbooks
169,Education,Kinesiology & Health Education,https://guides.lib.utexas.edu/kinesiology
170,Education,Special Education Research,https://guides.lib.utexas.edu/specialeducation
171,Education,Tests & Measures,https://guides.lib.utexas.edu/tests
172,Education,UT Elementary School,https://guides.lib.utexas.edu/UTelementary
173,Education,Youth Literature,https://guides.lib.utexas.edu/youthlit
174,Educational Administration,EDA 383 School Community Relations,https://guides.lib.utexas.edu/education/assetmapping
175,Educational Administration,Education Research,https://guides.lib.utexas.edu/education
176,Educational Administration,K-12 Textbooks,https://guides.lib.utexas.edu/k12textbooks
177,Educational Psychology,Counseling and Therapy,https://guides.lib.utexas.edu/counseling
178,Educational Psychology,Education Research,https://guides.lib.utexas.edu/education
179,Educational Psychology,Educational Psychology,https://guides.lib.utexas.edu/edpsych
180,Educational Psychology,Tests & Measures,https://guides.lib.utexas.edu/tests
181,Electrical and Computer Engineering,Electrical and Computer Engineering,https://guides.lib.utexas.edu/ece
182,Electrical and Computer Engineering,Patent Information for E E 364D Introduction To Engineering Design - Hallock,https://guides.lib.utexas.edu/ee364d
183,Engineering,Aerospace Engineering,https://guides.lib.utexas.edu/aerospace
184,Engineering,Alec and the Engineering Library,https://guides.lib.utexas.edu/alec
185,Engineering,ASE/BME 333T - Engineering Communication - DeMont,https://guides.lib.utexas.edu/demont
186,Engineering,Biomedical Engineering,https://guides.lib.utexas.edu/bme
187,Engineering,BME 197E - Professional Responsibilities,https://guides.lib.utexas.edu/bme197e-professional-responsibilities
188,Engineering,BME 333T - Engineering Communication - DeMont - Maymester,https://guides.lib.utexas.edu/demont-maymester
189,Engineering,CE 301 - Civil Engineering Systems,https://guides.lib.utexas.edu/ce301-civil-engineering-systems
190,Engineering,ChE 333T - Engineering Communication - Randall,https://guides.lib.utexas.edu/che333t-engineering-communication-randall
191,Engineering,Chemical Engineering,https://guides.lib.utexas.edu/chemicalengineering
192,Engineering,Cite your Sources: Engineering Resources,https://guides.lib.utexas.edu/cite
193,Engineering,"Civil, Architectural and Environmental Engineering",https://guides.lib.utexas.edu/caee
194,Engineering,Comptes Rendus,https://guides.lib.utexas.edu/comptes_rendus
195,Engineering,EE 333T - Engineering Communication - Fagelson,https://guides.lib.utexas.edu/ee333t-engineering-communication-fagelson
196,Engineering,EE 333T - Engineering Communication - Wuster,https://guides.lib.utexas.edu/ee333t
197,Engineering,Electrical and Computer Engineering,https://guides.lib.utexas.edu/ece
198,Engineering,Energy Resources,https://guides.lib.utexas.edu/energy
199,Engineering,Engineering,https://guides.lib.utexas.edu/engineering
200,Engineering,Engineering History Books,https://guides.lib.utexas.edu/hist
201,Engineering,Engineering Societies Digital Collections,https://guides.lib.utexas.edu/societies
202,Engineering,Ethics in Engineering,https://guides.lib.utexas.edu/ethics
203,Engineering,Find Funding Opportunities,https://guides.lib.utexas.edu/findfunding
204,Engineering,Finding NASA & NACA Reports,https://guides.lib.utexas.edu/nasa
205,Engineering,History of the McKinney Engineering Library,https://guides.lib.utexas.edu/mckinney
206,Engineering,KAUST - Awad,https://guides.lib.utexas.edu/kaust
207,Engineering,Materials Science and Engineering,https://guides.lib.utexas.edu/materials
208,Engineering,ME 333T - Engineering Communication,https://guides.lib.utexas.edu/me333t-engineering-communication
209,Engineering,Mechanical Engineering,https://guides.lib.utexas.edu/mech
210,Engineering,"Patents, Trademarks, and Copyright",https://guides.lib.utexas.edu/ip
211,Engineering,Petroleum and Geosystems Engineering,https://guides.lib.utexas.edu/pge
212,Engineering,Phase Diagrams,https://guides.lib.utexas.edu/phase
213,Engineering,Science and Technology free sites,https://guides.lib.utexas.edu/web
214,Engineering,"Standards, Codes, & Specifications",https://guides.lib.utexas.edu/standards
215,Engineering,Technical Reports,https://guides.lib.utexas.edu/techreports
216,Engineering,Using Patent Databases and Finding Patents,https://guides.lib.utexas.edu/findpatents
217,English Literature,Black Queer Studies Collection,https://guides.lib.utexas.edu/bqsc
218,English Literature,E314,https://guides.lib.utexas.edu/e314
219,English Literature,English Literature,https://guides.lib.utexas.edu/englishlit
220,English Literature,Folklore,https://guides.lib.utexas.edu/folklore
221,English Literature,UT Poetry Center,https://guides.lib.utexas.edu/utpc
222,Entertainment Technologies,Arts and Entertainment Technologies,https://guides.lib.utexas.edu/aet
223,European Studies,European Studies,https://guides.lib.utexas.edu/europeanstudies
224,European Studies,Finding Humanities Data,https://guides.lib.utexas.edu/c.php?g=815698
225,Faculty Tools,Faculty Resources,https://guides.lib.utexas.edu/facultyresources
226,Faculty Tools,Faculty Workshop: Writing in the Disciplines,https://guides.lib.utexas.edu/writingworkshop
227,Faculty Tools,Gems at the UT Libraries,https://guides.lib.utexas.edu/gems
228,Faculty Tools,Information Literacy Toolkit,https://guides.lib.utexas.edu/toolkit
229,Faculty Tools,Library Support for Signature Course (UGS) Faculty,https://guides.lib.utexas.edu/ugsfaculty
230,Faculty Tools,UGS TA Resources,https://guides.lib.utexas.edu/UGSTA
231,Finance,"""Business Research Center""",https://guides.lib.utexas.edu/BRC
232,Finance,FIN 374S - Entrepreneurial Finance - Hughes,https://guides.lib.utexas.edu/entfin
233,Finance,Finance (FIN),https://guides.lib.utexas.edu/FIN
234,Finance,MSF Career Resources,https://guides.lib.utexas.edu/MSFcareer
235,Folklore,Folklore,https://guides.lib.utexas.edu/folklore
236,French Studies,French Studies,https://guides.lib.utexas.edu/frenchstudies
237,Geography,Geography,https://guides.lib.utexas.edu/geography
238,Geography,"GRG 344K/LAS 330 - Global Food, Farming & Hunger",https://guides.lib.utexas.edu/GRGLAS
239,Geological Sciences,Energy Resources,https://guides.lib.utexas.edu/energy
240,Geological Sciences,Geosciences,https://guides.lib.utexas.edu/geo
241,Germanic Studies,Folklore,https://guides.lib.utexas.edu/folklore
242,Germanic Studies,Germanic Studies,https://guides.lib.utexas.edu/germanicstudies
243,Greek and Latin Language and Literature,Classics,https://guides.lib.utexas.edu/classics
244,Greek and Latin Language and Literature,Medieval and Renaissance Studies,https://guides.lib.utexas.edu/mrs
245,Health Sciences,Counseling and Therapy,https://guides.lib.utexas.edu/counseling
246,Health Sciences,Disability Studies,https://guides.lib.utexas.edu/disabilitystudies
247,Health Sciences,Health & Humanities,https://guides.lib.utexas.edu/PopUpHealthandHumanities
248,Health Sciences,"Individual & Population Variation in Biology, Medicine, & Society",https://guides.lib.utexas.edu/PopUpVariation
249,Health Sciences,Medicine,https://guides.lib.utexas.edu/medicine
250,Health Sciences,Nursing,https://guides.lib.utexas.edu/nursing
251,Health Sciences,Pharmacy,https://guides.lib.utexas.edu/pharmacy
252,Health Sciences,Public Health,https://guides.lib.utexas.edu/pbh
253,Health Sciences,Science Communication,https://guides.lib.utexas.edu/sciencecommunication
254,Health Sciences,Youth Substance Misuse,https://guides.lib.utexas.edu/youthsubstancemisuse
255,Hebrew Studies,Hebrew / Jewish / Israel Studies,https://guides.lib.utexas.edu/hebrew-jewish-israel
256,Historic Preservation,ARTstor,https://guides.lib.utexas.edu/artstor
257,Historic Preservation,Digital Scholarship and the School of Architecture,https://guides.lib.utexas.edu/DS_SOA
258,Historic Preservation,Historic Preservation,https://guides.lib.utexas.edu/historicpreservation
259,Historic Preservation,Preserving Web Sites using WinHTTrack,https://guides.lib.utexas.edu/WinHTTrack_Guide
260,Historic Preservation,Texas Architects and Architecture,https://guides.lib.utexas.edu/texas_arch
261,History,Guide to the British Parliamentary Papers,https://guides.lib.utexas.edu/BPP
262,History,History,https://guides.lib.utexas.edu/history
263,History,KIN 349 – History of Sport & Physical Activity - Beckwith,https://guides.lib.utexas.edu/KIN349
264,How To,2018 Images of Research Competition,https://guides.lib.utexas.edu/2018ImagesofResearch
265,How To,Access the Library After Graduation,https://guides.lib.utexas.edu/aftergraduation
266,How To,Choose a Topic,https://guides.lib.utexas.edu/choosetopic
267,How To,Cite Sources,https://guides.lib.utexas.edu/citesources
268,How To,Electronic Resources: Troubleshooting,https://guides.lib.utexas.edu/ETS
269,How To,Evaluate Sources,https://guides.lib.utexas.edu/evaluate
270,How To,Find Articles,https://guides.lib.utexas.edu/articles
271,How To,Find Background Information,https://guides.lib.utexas.edu/backgroundinformation
272,How To,Find Book Reviews & Literary Criticism,https://guides.lib.utexas.edu/bookreviews
273,How To,Find Books,https://guides.lib.utexas.edu/books
274,How To,Find Conference Proceedings,https://guides.lib.utexas.edu/conferenceproceedings
275,How To,"Find Dissertations, Theses, and Reports",https://guides.lib.utexas.edu/dissertations
276,How To,Find ebooks,https://guides.lib.utexas.edu/ebooks
277,How To,Find Funding Opportunities,https://guides.lib.utexas.edu/findfunding
278,How To,Find Information on Local Issues,https://guides.lib.utexas.edu/localissues
279,How To,"Find Opinions, Editorials, and Viewpoints",https://guides.lib.utexas.edu/editorials
280,How To,Find Primary Sources,https://guides.lib.utexas.edu/primarysources
281,How To,Find Social Sciences Data,https://guides.lib.utexas.edu/socscidata
282,How To,"Find Statistics, Demographics, and Public Opinion Polls",https://guides.lib.utexas.edu/stats_polls
283,How To,Find STEM Data Sources,https://guides.lib.utexas.edu/stemdata
284,How To,Finding Journal Articles 101,https://guides.lib.utexas.edu/c.php?g=556926
285,How To,Foreign Language Learning & Education,https://guides.lib.utexas.edu/ForeignLanguageLearning
286,How To,Get Started with Research,https://guides.lib.utexas.edu/default
287,How To,Google Scholar,https://guides.lib.utexas.edu/googlescholar
288,How To,"Popular, Scholarly, or Trade?",https://guides.lib.utexas.edu/popularscholarlytrade
289,How To,Preserving Web Sites using WinHTTrack,https://guides.lib.utexas.edu/WinHTTrack_Guide
290,How To,Save Money with the UT Libraries,https://guides.lib.utexas.edu/savemoney
291,How To,Scraping Twitter,https://guides.lib.utexas.edu/c.php?g=743999
292,How To,Test Preparation,https://guides.lib.utexas.edu/testpreparation
293,How To,Tests & Measures,https://guides.lib.utexas.edu/tests
294,How To,UT Libraries Self-Guided Tour,https://guides.lib.utexas.edu/librarytour
295,Human Development and Family Sciences,Disability Studies,https://guides.lib.utexas.edu/disabilitystudies
296,Human Development and Family Sciences,HDF 338 - Developmentally Appropriate Practices With Young Children,https://guides.lib.utexas.edu/hdf338
297,Human Development and Family Sciences,HDF 378L - Theories of Child and Family Development,https://guides.lib.utexas.edu/hdf378l
298,Human Development and Family Sciences,Human Development & Family Sciences,https://guides.lib.utexas.edu/hdfs
299,Human Rights,Disability Studies,https://guides.lib.utexas.edu/disabilitystudies
300,Human Rights,Human Rights,https://guides.lib.utexas.edu/humanrights
301,Iberian Studies,Iberian Studies,https://guides.lib.utexas.edu/iberian
302,Images,Art and Art History,https://guides.lib.utexas.edu/art
303,Images,ARTstor,https://guides.lib.utexas.edu/artstor
304,Images,Images,https://guides.lib.utexas.edu/images
305,Images,"Visual Resources Collection, Fine Arts Library",https://guides.lib.utexas.edu/c.php?g=518591
306,Interior Design,ARTstor,https://guides.lib.utexas.edu/artstor
307,Interior Design,Digital Scholarship and the School of Architecture,https://guides.lib.utexas.edu/DS_SOA
308,Interior Design,Interior Design,https://guides.lib.utexas.edu/interior_design
309,International Business,"""Business Research Center""",https://guides.lib.utexas.edu/BRC
310,International Business,IB 350 - International Trade & Investment,https://guides.lib.utexas.edu/ib350
311,"IROM (Information, Risk, and Operations Management)","""Business Research Center""",https://guides.lib.utexas.edu/BRC
312,"IROM (Information, Risk, and Operations Management)","Information, Risk & Operations Management (IROM)",https://guides.lib.utexas.edu/IROM
313,"IROM (Information, Risk, and Operations Management)",MSBA Career Resources,https://guides.lib.utexas.edu/MSBACareer
314,Israel Studies,Hebrew / Jewish / Israel Studies,https://guides.lib.utexas.edu/hebrew-jewish-israel
315,Italian Studies,Italian Studies,https://guides.lib.utexas.edu/italianstudies
316,Japan Studies,East Asian Studies,https://guides.lib.utexas.edu/EAS
317,Japan Studies,Japan Studies,https://guides.lib.utexas.edu/Japan
318,Jewish Studies,Hebrew / Jewish / Israel Studies,https://guides.lib.utexas.edu/hebrew-jewish-israel
319,Journalism,Journalism,https://guides.lib.utexas.edu/JOU
320,Kinesiology and Health Education,HED 335 - Theories of Substance Use and Abuse,https://guides.lib.utexas.edu/hed335
321,Kinesiology and Health Education,HED 351 - Needs Assessment and Program Planning,https://guides.lib.utexas.edu/hed351
322,Kinesiology and Health Education,KIN 349 – History of Sport & Physical Activity - Beckwith,https://guides.lib.utexas.edu/KIN349
323,Kinesiology and Health Education,Kinesiology & Health Education,https://guides.lib.utexas.edu/kinesiology
324,Korea Studies,East Asian Studies,https://guides.lib.utexas.edu/EAS
325,Korea Studies,Korea Studies,https://guides.lib.utexas.edu/Korea
326,Landscape Architecture,ARTstor,https://guides.lib.utexas.edu/artstor
327,Landscape Architecture,Digital Scholarship and the School of Architecture,https://guides.lib.utexas.edu/DS_SOA
328,Landscape Architecture,Landscape Architecture,https://guides.lib.utexas.edu/land_arch
329,Latin American Studies,Latin American Studies,https://guides.lib.utexas.edu/latinamericanstudies
330,Latin@ Studies,Afro-Latin@ Studies,https://guides.lib.utexas.edu/c.php?g=699087
331,Latin@ Studies,Chican@ Art,https://guides.lib.utexas.edu/chicanaart
332,Latin@ Studies,Chicana Studies,https://guides.lib.utexas.edu/chicanisma
333,Latin@ Studies,Latina/Latino Studies,https://guides.lib.utexas.edu/latina_latino_studies
334,Latin@ Studies,MAS 301 Intr Mex Amer Latina/O Studies,https://guides.lib.utexas.edu/c.php?g=779891
335,Latin@ Studies,Mexican American Literature,https://guides.lib.utexas.edu/mexicanamericanliterature
336,Latin@ Studies,U.S. Latin@ Film,https://guides.lib.utexas.edu/latinofilm
337,Latin@ Studies,U.S. Latin@ History,https://guides.lib.utexas.edu/latinohistory
338,Latin@ Studies,U.S. Latin@ Literature,https://guides.lib.utexas.edu/latinoliterature
339,Latin@ Studies,U.S. Latin@ Psychology,https://guides.lib.utexas.edu/latinapsychology
340,Latin@ Studies,U.S. Latin@ Speech Communities,https://guides.lib.utexas.edu/latinospeechcommunities
341,Latin@ Studies,"U.S. Latin@ Teatro, Performance and New Media Studies",https://guides.lib.utexas.edu/Latinateatroperformance
342,Latin@ Studies,U.S. Latinx LGBTQ Studies,https://guides.lib.utexas.edu/latinxlgbtq
343,LGBTQ Studies,Black Queer Studies Collection,https://guides.lib.utexas.edu/bqsc
344,LGBTQ Studies,Disability Studies,https://guides.lib.utexas.edu/disabilitystudies
345,LGBTQ Studies,LGBTQA+ Studies,https://guides.lib.utexas.edu/lgbtq
346,LGBTQ Studies,Women's & Gender Studies,https://guides.lib.utexas.edu/wgs
347,Library and Information Science,Library & Information Science,https://guides.lib.utexas.edu/LIS
348,Library and Information Science,Metadata Basics,https://guides.lib.utexas.edu/metadata-basics
349,Library and Information Science,Preserving Web Sites using WinHTTrack,https://guides.lib.utexas.edu/WinHTTrack_Guide
350,Library and Information Science,Youth Literature,https://guides.lib.utexas.edu/youthlit
351,Linguistics,Linguistics,https://guides.lib.utexas.edu/linguistics
352,Management,"""Business Research Center""",https://guides.lib.utexas.edu/BRC
353,Management,MAN 327 - Innovation & Entrepreneurship,https://guides.lib.utexas.edu/MAN327IE
354,Management,MAN 366P - MGMT PRACT: Social Entrepreneurship,https://guides.lib.utexas.edu/MPSE
355,Management,Management (MAN),https://guides.lib.utexas.edu/MAN
356,Marine Science,Marine Science,https://guides.lib.utexas.edu/marinescience
357,Marketing,"""Business Research Center""",https://guides.lib.utexas.edu/BRC
358,Marketing,Marketing (MKT),https://guides.lib.utexas.edu/MKT
359,Marketing,MSM Career Resources,https://guides.lib.utexas.edu/MSMcareer
360,Materials Science,Materials Science and Engineering,https://guides.lib.utexas.edu/materials
361,Mathematics,Mathematics,https://guides.lib.utexas.edu/math
362,Mechanical Engineering,ME 302 - Introduction to Engineering Design & Graphics,https://guides.lib.utexas.edu/me302
363,Mechanical Engineering,Mechanical Engineering,https://guides.lib.utexas.edu/mech
364,Medieval and Renaissance Studies,Medieval and Renaissance Studies,https://guides.lib.utexas.edu/mrs
365,Mexican Studies,Latin American Studies,https://guides.lib.utexas.edu/latinamericanstudies
366,Middle East Studies,Middle Eastern Studies,https://guides.lib.utexas.edu/mes
367,Military Science,Greek and Roman Military History,https://guides.lib.utexas.edu/grecoroman_military
368,Music,Historical Music Recordings Collection,https://guides.lib.utexas.edu/hmrc
369,Music,MUS 302L - Introduction to Western Music - Ovalle & Liu,https://guides.lib.utexas.edu/mus302l
370,Music,MUS 307 - History of Rock Music,https://guides.lib.utexas.edu/mus307_2
371,Music,MUS 381 - Reference and Research Materials in Music - Olivieri & Maggart Butler,https://guides.lib.utexas.edu/mus381
372,Music,Music,https://guides.lib.utexas.edu/music
373,Music,Music and Human Learning Resources,https://guides.lib.utexas.edu/musichumanlearning
374,Native American and Indigenous Studies,Native American and Indigenous Studies,https://guides.lib.utexas.edu/nais
375,Nursing,Nursing,https://guides.lib.utexas.edu/nursing
376,Nursing,Public Health,https://guides.lib.utexas.edu/pbh
377,Nursing,Tests & Measures,https://guides.lib.utexas.edu/tests
378,Nutrition and Food,Nutritional Sciences,https://guides.lib.utexas.edu/nutrition
379,Persian,Middle Eastern Studies,https://guides.lib.utexas.edu/mes
380,Petroleum Engineering,Petroleum and Geosystems Engineering,https://guides.lib.utexas.edu/pge
381,Pharmacy,Pharmacy,https://guides.lib.utexas.edu/pharmacy
382,Philosophy,Philosophy,https://guides.lib.utexas.edu/philosophy
383,Physics,Physics,https://guides.lib.utexas.edu/physics
384,Political Science and Government,Political Science and Government,https://guides.lib.utexas.edu/politicalscience
385,Psychology,Counseling and Therapy,https://guides.lib.utexas.edu/counseling
386,Psychology,Disability Studies,https://guides.lib.utexas.edu/disabilitystudies
387,Psychology,HDO 379 - Applying Human Dimensions of Organizations,https://guides.lib.utexas.edu/hdo379
388,Psychology,Human Dimensions of Organizations,https://guides.lib.utexas.edu/hdo
389,Psychology,PSY 301 - Introduction to Psychology,https://guides.lib.utexas.edu/psy301
390,Psychology,PSY 333P - Child Language,https://guides.lib.utexas.edu/psy333p
391,Psychology,PSY 418 - Statistics and Research Design,https://guides.lib.utexas.edu/psy418
392,Psychology,Psychology,https://guides.lib.utexas.edu/psychology
393,Psychology,Psychology SURE Program,https://guides.lib.utexas.edu/sure
394,Psychology,Tests & Measures,https://guides.lib.utexas.edu/tests
395,Public Affairs,Disability Studies,https://guides.lib.utexas.edu/disabilitystudies
396,Public Affairs,Public Affairs,https://guides.lib.utexas.edu/c.php?g=529969
397,Public Health,Disability Studies,https://guides.lib.utexas.edu/disabilitystudies
398,Public Health,"Individual & Population Variation in Biology, Medicine, & Society",https://guides.lib.utexas.edu/PopUpVariation
399,Public Health,Medicine,https://guides.lib.utexas.edu/medicine
400,Public Health,Nursing,https://guides.lib.utexas.edu/nursing
401,Public Health,Public Health,https://guides.lib.utexas.edu/pbh
402,Public Relations,Advertising and Public Relations,https://guides.lib.utexas.edu/ADVPR
403,Radio-Television-Film,Film & Video Resources,https://guides.lib.utexas.edu/c.php?g=720098
404,Radio-Television-Film,"Radio, Television, and Film (RTF)",https://guides.lib.utexas.edu/RTF
405,Radio-Television-Film,Russian Cinema,https://guides.lib.utexas.edu/russiancinema
406,Religious Studies,R S 315 The Bible and Its Interpreters,https://guides.lib.utexas.edu/RS315Landau
407,Religious Studies,R S 353E - Beyond the New Testament,https://guides.lib.utexas.edu/newtest
408,Religious Studies,Religious Studies,https://guides.lib.utexas.edu/religion
409,Rhetoric,RHE 398T Help Materials,https://guides.lib.utexas.edu/rhe398t
410,Rhetoric,Rhetoric,https://guides.lib.utexas.edu/RHE
411,Rhetoric,SPURS - guide for instructors,https://guides.lib.utexas.edu/spurs
412,Russian Literature,Russian Literature,https://guides.lib.utexas.edu/russian_lit
413,Slavic and Eurasian Studies,Bosnian-Croatian-Serbian Studies,https://guides.lib.utexas.edu/c.php?g=575493
414,Slavic and Eurasian Studies,Czech Studies,https://guides.lib.utexas.edu/czechstudies
415,Slavic and Eurasian Studies,Polish Studies,https://guides.lib.utexas.edu/polishstudies
416,Slavic and Eurasian Studies,Russian Cinema,https://guides.lib.utexas.edu/russiancinema
417,Slavic and Eurasian Studies,Slavic and Eurasian Studies,https://guides.lib.utexas.edu/SES
418,Social Work,Counseling and Therapy,https://guides.lib.utexas.edu/counseling
419,Social Work,Disability Studies,https://guides.lib.utexas.edu/disabilitystudies
420,Social Work,S W 310 - Introduction to Social Work and Social Welfare,https://guides.lib.utexas.edu/sw310
421,Social Work,S W 313 - Social Work Research Methods,https://guides.lib.utexas.edu/sw313
422,Social Work,S W 325 - Foundations of Social Justice,https://guides.lib.utexas.edu/sw325
423,Social Work,S W 360K - Social Work,https://guides.lib.utexas.edu/sw360k
424,Social Work,S W 381R - Human Behavior & the Social Environment,https://guides.lib.utexas.edu/sw381r
425,Social Work,Social Work,https://guides.lib.utexas.edu/socialwork
426,Social Work,Tests & Measures,https://guides.lib.utexas.edu/tests
427,Sociology,Disability Studies,https://guides.lib.utexas.edu/disabilitystudies
428,Sociology,Find Social Sciences Data,https://guides.lib.utexas.edu/socscidata
429,Sociology,H S 378 - Seminar in Health & Society,https://guides.lib.utexas.edu/hs378
430,Sociology,SOC 302 - Introduction to the Study of Society,https://guides.lib.utexas.edu/soc302
431,Sociology,SOC 304 - Physical Activity in Society,https://guides.lib.utexas.edu/soc304
432,Sociology,SOC 317M - Introduction to Social Research,https://guides.lib.utexas.edu/soc317m
433,Sociology,Sociology,https://guides.lib.utexas.edu/sociology
434,South Asian Studies,South Asian Popular and Pulp Fiction,https://guides.lib.utexas.edu/southasianpopandpulpfiction
435,South Asian Studies,South Asian Studies,https://guides.lib.utexas.edu/southasianstudies
436,Special Education,Disability Studies,https://guides.lib.utexas.edu/disabilitystudies
437,Special Education,Education Research,https://guides.lib.utexas.edu/education
438,Special Education,Special Education Research,https://guides.lib.utexas.edu/specialeducation
439,Special Education,Tests & Measures,https://guides.lib.utexas.edu/tests
440,Sustainable Design,ARTstor,https://guides.lib.utexas.edu/artstor
441,Sustainable Design,Digital Scholarship and the School of Architecture,https://guides.lib.utexas.edu/DS_SOA
442,Sustainable Design,Sustainable Design,https://guides.lib.utexas.edu/sustainable_design
443,Taiwan Studies,Taiwan Studies,https://guides.lib.utexas.edu/Taiwan
444,Technology Commercialization,"""Business Research Center""",https://guides.lib.utexas.edu/BRC
445,Technology Commercialization,Technology Commercialization (MSTC),https://guides.lib.utexas.edu/MSTC
446,Textiles and Apparel,Costume Resources,https://guides.lib.utexas.edu/costumeresources
447,Textiles and Apparel,Textiles & Apparel,https://guides.lib.utexas.edu/textilesapparel
448,Textiles and Apparel,TXA 105L - Textiles Lab/Gil Fandino,https://guides.lib.utexas.edu/textileslab
449,Textiles and Apparel,TXA 328 - Research Methods in Textiles and Apparel - Polston,https://guides.lib.utexas.edu/researchmethodsintextilesandapparel
450,Theatre,Costume Resources,https://guides.lib.utexas.edu/costumeresources
451,Theatre,TD 301 - Introduction to Theatre / Carlson,https://guides.lib.utexas.edu/IntroductionToTheatre
452,Theatre,"TD 311C - Performance as Public Practice / Bonin, Carlson, & Darlington",https://guides.lib.utexas.edu/PerformancePublicPractice
453,Theatre,TD 354T / Design Skills: Costume / Mickey,https://guides.lib.utexas.edu/DesignSkills
454,Theatre,TD 388 - Research Methods and Resources - Alrutz,https://guides.lib.utexas.edu/td388research_resources
455,Theatre,Theatre & Dance,https://guides.lib.utexas.edu/theatredance
456,Turkish,Middle Eastern Studies,https://guides.lib.utexas.edu/mes
457,Undergraduate Studies,2018 Images of Research Competition,https://guides.lib.utexas.edu/2018ImagesofResearch
458,Undergraduate Studies,Don't see your class? Get started with research here.,https://guides.lib.utexas.edu/c.php?g=569731
459,Undergraduate Studies,Signature Course Information Literacy Award,https://guides.lib.utexas.edu/infoliteracyaward
460,Undergraduate Studies,UGS 302 - Digital Media Technology and Learning - Liu,https://guides.lib.utexas.edu/ugs302mliu
461,Undergraduate Studies,"UGS 302 - Music, Identity and Difference - Seeman",https://guides.lib.utexas.edu/UGS302Seeman
462,Undergraduate Studies,UGS 302 - Teachers in Popular Culture - Brown,https://guides.lib.utexas.edu/ugs302brown
463,Undergraduate Studies,UGS 302: British Pop Music 1956-2006 - Nehring,https://guides.lib.utexas.edu/c.php?g=815216
464,Undergraduate Studies,UGS 302: Caring for the Elderly - Temple,https://guides.lib.utexas.edu/ugs302temple
465,Undergraduate Studies,UGS 302: How Humans Got Language - Crowhurst,https://guides.lib.utexas.edu/ugs302crowhurst
466,Undergraduate Studies,UGS 302: How to Change the World - Padilla,https://guides.lib.utexas.edu/ugs302padilla
467,Undergraduate Studies,"UGS 302: Human Behavioral Ecology, Prof. Mueller",https://guides.lib.utexas.edu/c.php?g=796692
468,Undergraduate Studies,"UGS 302: Leaders and Leadership: Pericles, Alcibiades, and Alexander the Great - Carusi",https://guides.lib.utexas.edu/c.php?g=645020
469,Undergraduate Studies,UGS 302: Paratext: the Art of Commentary - Chaudhuri,https://guides.lib.utexas.edu/ugs302chaudhuri
470,Undergraduate Studies,UGS 302: Religious Freedom in the US - Graber,https://guides.lib.utexas.edu/ugs302Graber
471,Undergraduate Studies,UGS 302: Role of Technology Among Youth - Hughes,https://guides.lib.utexas.edu/UGS302Hughes
472,Undergraduate Studies,UGS 302: Science and Diplomacy - Orbach,https://guides.lib.utexas.edu/ugs302orbach
473,Undergraduate Studies,UGS 302: Spectacle as a Political Tool / Sanchez,https://guides.lib.utexas.edu/ugs302sanchez
474,Undergraduate Studies,UGS 302: Sustainable Future - Keitt,https://guides.lib.utexas.edu/keitt
475,Undergraduate Studies,UGS 303: Blackness and Mass Incarceration / Gordon,https://guides.lib.utexas.edu/ugs303gordon
476,Undergraduate Studies,UGS 303: Dancing America - Rossen,https://guides.lib.utexas.edu/ugs303rossen
477,Undergraduate Studies,UGS 303: Dante's Hell and its Afterlife - Raffa,https://guides.lib.utexas.edu/ugs303raffa
478,Undergraduate Studies,UGS 303: Dying Languages - Woodbury,https://guides.lib.utexas.edu/ugs303woodbury
479,Undergraduate Studies,"UGS 303: Gameplan for Winning at Life, Daron Roberts, J.D.",https://guides.lib.utexas.edu/c.php?g=725301
480,Undergraduate Studies,UGS 303: Global Development / Gerring,https://guides.lib.utexas.edu/ugs303gerring
481,Undergraduate Studies,"UGS 303: Language in the Media, Hinrichs",https://guides.lib.utexas.edu/c.php?g=811866
482,Undergraduate Studies,"UGS 303: Math of Politics, Stephen Jessee",https://guides.lib.utexas.edu/c.php?g=783377
483,Undergraduate Studies,UGS 303: Personal Physical Activity / Keating,https://guides.lib.utexas.edu/ugs303keating
484,Undergraduate Studies,UGS 303: Savvy Healthcare Consumer - Rush,https://guides.lib.utexas.edu/UGS303Rush
485,Undergraduate Studies,UGS 303: The Challenge of the Greeks - Pangle,https://guides.lib.utexas.edu/pangle
486,Undergraduate Studies,"UGS 303: The Good, the Bad, and the Ugly of American Teenagers - Crosnoe",https://guides.lib.utexas.edu/ugs303crosnoe
487,Undergraduate Studies,UGS 303: Vital Signs - Carter,https://guides.lib.utexas.edu/vitalCarter
488,Undergraduate Studies,UGS 303: Worlds of Hip Hop - Makalani,https://guides.lib.utexas.edu/ugs303makalani
489,Undergraduate Studies,"UGS 303:Contemporary Art & Music in Austin, Y. Sharlat",https://guides.lib.utexas.edu/sharlat
490,Urban Design,ARTstor,https://guides.lib.utexas.edu/artstor
491,Urban Design,Community and Regional Planning,https://guides.lib.utexas.edu/crp
492,Urban Design,Digital Scholarship and the School of Architecture,https://guides.lib.utexas.edu/DS_SOA
493,Urban Design,Urban Design,https://guides.lib.utexas.edu/urban_design
494,Women's and Gender Studies,Black Queer Studies Collection,https://guides.lib.utexas.edu/bqsc
495,Women's and Gender Studies,Disability Studies,https://guides.lib.utexas.edu/disabilitystudies
496,Women's and Gender Studies,LGBTQA+ Studies,https://guides.lib.utexas.edu/lgbtq
497,Women's and Gender Studies,Women's & Gender Studies,https://guides.lib.utexas.edu/wgs
498,Yiddish,Hebrew / Jewish / Israel Studies,https://guides.lib.utexas.edu/hebrew-jewish-israel
499,Youth Literature,Youth Literature,https://guides.lib.utexas.edu/youthlit
