,title,datetime,lat,long,url,rating,comment
0,Berry Beans,2018-11-09 12:39:28,39.894514,116.392366,/poi/29591702.html,5,一杯好咖啡是一家咖啡馆的基本，在此基础上，再加上品味独特的环境，吸引力会倍增。可以上房揭瓦，还能喝到老板亲自做的“环游世界”手冲
1,大连恒隆广场Olympia 66,2018-10-17 11:15:19,38.90614,121.609461,/poi/18756904.html,5,"恒隆广场很大，超级大，以前这里是大连奥林匹克足球场，近些年被改造成了商场，几乎包含了所有的商场里常见的品牌，也有很多小而美的装饰，如果你想在大连逛个街，这里会满足你所有的需求。
商场一层的音乐阶梯是我妈妈推荐给我的地方，每走一步台阶，阶梯就会亮起彩色的灯，响起音调，每一层的颜色不一样，音调也不一样，快步的跑上跑下就可以跑出连续的音乐声，很有趣。"
2,岩石区The Rocks,2018-10-16 09:30:43,-33.85985,151.20901,/poi/30285.html,4,"整个岩石区，白天没觉得有多少人，安安静静地很舒服的感觉，但是！到了晚上！世界就变了！感觉整个悉尼的人都横空冒了出来，出现在每一家餐厅里！险些吃不上饭！
在岩石区逛了一圈，但凡上了排行榜的餐厅，全部人满为患，万万没想到，第一次在旅行中出现了吃饭难的问题。"
3,Fortune of WarFortune of War,2018-10-16 09:30:06,-33.860335672698,151.20842591487,/poi/24791078.html,4,"这家店于1828年诞生，距今已经190年！
走进门我有呆住一下，我是走进了老年棋牌室么？大叔俱乐部搞活动包场？店里坐满了大叔大爷，造型和气质还十分相似，有股莫名的喜感。
袋鼠肉本肉，做法和牛排很像，吃起来口感比牛排硬而且涩，也不知道是不是心理原因，总觉得有一股膻味，真的吃不惯，配啤酒还稍微好一点。还是牛排好吃。
晚上的Fortune of War更加热闹，那可真是人山人海锣鼓喧天鞭炮齐鸣……想进都挤不进去。如果想感受悉尼热闹的夜生活，这里是很不错的选择。"
4,冲浪者天堂Surfers Paradise,2018-10-16 09:28:51,-28.000081,153.416641,/poi/17155.html,5,"是全世界冲浪爱好者朝拜的地方，来这里怎么能不体验一下冲浪呢？
长达42公里的冲浪者海滩，常年有高度适宜的海浪，供游客嬉戏玩耍，也是新手学习冲浪的最佳地点。冲浪专业人士可不满足于小风小浪，他们都在42公里外的尽头悬崖处乘风破浪，那里的海浪温柔的时候也有2到3米高，狂风大作的时候，就是巨浪了。这次没有看到专业人士冲浪，对我是个小遗憾，一定比电影里演的震撼很多吧～
超长的海岸线真的太美，岸边散落着晒太阳的人，海里都是在浪的人，每一个海浪打来，都会激起一片惊呼欢笑。
像是一个没有烦恼的地方。"
5,穴岩The Grotto,2018-10-08 17:37:31,-38.616485,142.916075,/poi/7007316.html,5,穴岩离伦敦桥只有一公里，顾名思义，就是有一个洞穴的岩石。洞穴通向大海，海浪拍岸，有环绕立体声的效果。
6,伦敦断桥London Bridge,2018-10-08 17:36:51,-38.62241339859,142.9318600148,/poi/7663814.html,5,这片海的颜色太美，浪花有节奏的打在岩石上，痴痴地在这里站了很久。
7,洛克阿德峡谷Loch Ard Gorge,2018-10-08 17:36:20,-38.6465896,143.0705094,/poi/17903.html,5,"是大洋路上少有的可以下到海滩，走进风景里的景点。
两边巨石耸立，留下一个开口，海水从这里涌入，从沙滩上看过去，像是通往另一个未知世界的大门。"
8,Princetown Wetlands BoardwalkPrincetown Wetlands Boardwalk,2018-10-08 17:35:42,-38.69893,143.15918,/poi/52388672.html,5,王子镇不在大洋路的常规路线里，却是一个很安静美好的世外桃源般的存在。镇子很小很小，只由几个小店和住所组成。
9,Apollo Bay BakeryApollo Bay Bakery,2018-10-08 17:32:58,-38.755989858104,143.66905037916,/poi/59039476.html,5,面包和点心的种类超多，最独特也最推荐的是带子派（也就是干贝派），味道很鲜美，而且干贝肉很多，很实在。
10,The Bottle of MilkThe Bottle of Milk,2018-10-08 17:31:13,-38.537487,143.974555,/poi/15455115.html,5,"全世界最好吃的牛肉汉堡！
大块的鲜嫩牛肉，丰富的配菜，关键在于酱汁，咸鲜中带有一丝焦糖的味道，好吃哭！
汉堡店马路对面就是海边，将汉堡外带到沙滩上，看着海景吃味道更棒，不过会有成群的海鸥对着你行注目礼，眼神里都是对汉堡的渴望。"
11,安格尔西小镇Angelsea,2018-10-08 17:29:50,-38.409783802256,144.18259161371,/poi/17876.html,5,小镇里有一个湖，周边有很多休闲娱乐设施，很多家长带着小朋友在湖边玩耍，也有很多人在这里垂钓，或泛舟湖上。
12,吉朗彩绘木偶Geelong Baywall Bollards,2018-10-08 17:29:26,-38.143828,144.363267,/poi/33795452.html,5,"寻找与发现彩色木偶立像，是在Geelong旅行的一个小乐趣，这些原本普普通通、千篇一律的系船柱，在艺术家的笔下，有了衣着风格，有了职业属性，也有了喜怒哀乐。
跟木偶们玩得累了，就去停靠在岸边的船屋餐厅坐坐，点一份“渔夫的篮子”，漂浮在海上，品尝最正宗的fish and chips。"
13,湄江牛河屋,2018-10-08 17:04:31,-37.812393,144.964778,/poi/13004787.html,5,"克林顿曾在这里吃了两大碗牛肉河粉，光是这一点就很吸引我了。
重点是！真的超好吃！尤其是在吃过了很多澳大利亚食物后，中国胃实在是太想念亚洲的味道。
汤浓味美，加上柠檬汁和切段辣椒，一大碗酸酸辣辣的热汤下肚，大满足。"
14,澳大利亚维多利亚国家艺术馆The Ian Potter Centre: NGV Australia,2018-10-08 17:03:53,-37.81766,144.96997,/poi/7653191.html,5,艺术馆里有很多我喜欢的风格的现代艺术作品，大饱眼福，推荐。
15,Area Four,2018-10-08 17:03:28,-37.8137195097,144.961190857,/poi/26164886.html,5,"“我多么想和你见一面，在街角的咖啡店”。
路过这家咖啡馆的时候，脑海里很自然的浮现出这句歌词，大大的落地窗面对着街道，里面空无一人，对我有着莫名的吸引力。
走进店里，只见一男一女两个咖啡师在忙碌，依旧点了拿铁和piccolo，和简单的面包，随后坐在窗边。
不记得阳光是否是和咖啡一起端上了桌，总之，阳光、街角、咖啡、牛角包，一切自然而然，时间停止了。"
16,Brother Baba BudanBrother Baba Budan,2018-10-08 17:02:43,-37.813488,144.962081,/poi/6235238.html,5,"朝圣般走进Brother Baba Budan 咖啡馆，毕竟，在世界咖啡之都位列咖啡馆排行榜第三名，可不是一件容易的事。
咖啡馆不大，弥漫着咖啡香，大部分人都是take away，也坐满了人。点了一杯热拿铁和一杯piccolo，搭配了一块小肉桂糕点，咖啡拥有很细腻的口感，很动人的味道，糕点也毫不逊色，甚至好吃的有些惊喜。
店里最特别之处是挂满木椅子的天花板，大门的拉手是一个咖啡铲子，还有一些细节值亲自去探索。"
17,哈德维尔巷Hardware Lane,2018-10-08 17:01:24,-37.81324,144.96097,/poi/34098756.html,5,哈德维尔巷是咖啡街所在地，喜欢咖啡的你一定要去，毕竟，能把咖啡馆开出大排档气势的地方可不多。
18,ACDC LaneACDC Lane,2018-10-08 17:00:46,-37.815388,144.97116,/poi/52456068.html,5,"墨尔本的涂鸦很多，比较知名的两条涂鸦街是霍尔西巷和ACDC Lane，两者的关系形象比喻的话，有点像北京的南锣鼓巷与五道营胡同。
相比之下，ACDC Lane的涂鸦更多了一些创意和想法，有的还有故事情节，有一些简单的规划，乱中有序能抓到重点的感觉。这里比Hosier Lane涂鸦街人少很多，涂鸦也更好看。
而且人很少，环境也干净很多。"
19,涂鸦街（霍西尔巷)Hosier Lane,2018-10-08 16:59:33,-37.816419270143,144.96910139939,/poi/7685231.html,5,"墨尔本的涂鸦很多，比较知名的两条涂鸦街是霍尔西巷和ACDC Lane，两者的关系形象比喻的话，有点像北京的南锣鼓巷与五道营胡同。
霍尔西巷的涂鸦遍布面积更大，游客更多，涂鸦的风格和环境都略显杂乱。还好两条街离得不远，可以都去转转。"
20,威廉姆街橡树酒店Oaks on William,2018-10-08 16:58:38,-37.8111702,144.9563498,/poi/6492065.html,5,"酒店在墨尔本的商业区，步行可达各大商场和中国城，地理位置很方便。内部设施齐全，当时这里是墨尔本最新的酒店，整体干干净净的，住着很舒服。
酒店街对面是一个当地人会逛的小公园，高层视野也特别的棒
酒店的早餐用餐处是一家独立的咖啡馆，食物和咖啡都很棒。"
21,CBD Penthouse in the SkyCBD Penthouse in the Sky,2018-10-08 16:57:22,-37.814647130564,144.95355194159,/poi/21095947.html,5,"在一个公寓楼的最顶层，被形容为""CBD Penthouse in the Sky""一点都不为过。大概是晚上8点入住，一进门就看到粉色的天空，眼睛直勾勾的直奔阳台，被窗外的墨尔本夜景美得一塌糊涂。
卧室的床就在落地窗旁边，躺在床上就像躺在天空中，好像翻个身就能飘起来（恐高症就算了）。
房间内是极简风的装修布置，设备一应俱全，还配有蓝牙音响，进门的时候播放着音乐，是额外的惊喜。民宿就在市中心，对面就是南十字星火车站，去哪里都方便，周围吃吃喝喝的也都有，这是我澳大利亚全程最爱的民宿了，强烈推荐。"
22,The Coffee Club - Cavill MallThe Coffee Club,2018-10-08 16:54:57,-28.002016,153.429459,/poi/14091819.html,5,"""Where will I meet you?""
""The Coffee Club.""
The Coffee Club是澳大利亚的一个连锁咖啡品牌，初次进店是因为看到了店铺里的这句话，有种老友约见的心情，心生喜爱。每每路过都有很多人排队，类似于当地的星爸爸。
除了好喝的咖啡，还有种类丰富的早餐。
在黄金海岸三天，两天的早餐都是在这里吃的。"
23,冲浪者天堂海滩集市Surfers Paradise Beachfront Markets,2018-10-08 16:53:15,-28.004095464625,153.43189126092,/poi/7668598.html,5,"Beachfront Market是我在黄金海岸的日子里最喜欢的部分，市集里的摊位各有各的创意，不落俗套。很多手工制作的小物，不同材质的首饰，现场创作的艺术画，手工香皂，自酿啤酒，不同创意的工艺品，整体水准很高。
沙滩市集时间：周三，周五和周日的4pm-9pm。
最喜欢的一个摊位，老板十分有创意，他收集了世界各地的钱币，以钱币的不同花样为基础图案，纯靠手工打磨，将硬币变成了一个个精致的项链。
每一个都很好看，我都选花眼了，最后买了8个……可怕，这个市集会吃钱包。
大叔得知我是中国人，提到他有制作毛爷爷项链，特别火，一做出来就被一抢而空了。"
24,黄金海岸芒特拉圈卡维尔酒店Mantra Circle on Cavill Gold Coast,2018-10-08 16:50:34,-28.001335784171,153.42697709799,/poi/87857.html,5,"最值得称赞的是酒店的视野，透过全落地窗可以直接看到黄金海岸的海岸线，以及通往黄金海岸最繁华的路。
圣诞节期间，打开阳台大门，就可以感受到远处传来的热烈节日气氛。房间很大，开party都够用。"
25,兴格尔因锡蒂霍尔(市政厅店)Shingle Inn City Hall,2018-10-08 16:49:13,-27.468968,153.023516,/poi/59039112.html,5,"布里斯班市政厅一层的这家很特别，整个店面的装修是复原了第一家店的样子，并且回收再利用了第一家店的家具和设备。
为了配合咖啡馆的复古气氛，点了菜单里的传统咖啡、传统蛋糕和传统的炸鱼薯条，味道都很不错。"
26,龙柏考拉动物园Lone Pine Koala Sanctuary,2018-10-08 16:47:29,-27.5337818,152.968815,/poi/6300129.html,5,"血和泪换来的重点：想要抱考拉拍照，一定要早早的去排队！
我到了以后看到排队的人太多，就想着先在动物园里转一圈，等人都走了再来拍，万万没想到，抱考拉的票数是固定的，9点开始售票，售完即止，等我逛一圈回来，票都卖完了……就这样错过了抱考拉……生气。
错过抱考拉的我，只能在饲养员的陪伴下，跟考拉合个影。
动物园里另一个重要的朋友就是袋鼠啦，从电视上看袋鼠，觉得它们都很机敏，反应快，蹦来蹦去的，动物园里看到的普遍比较懒，随地一摊，凹出沙滩上比基尼少女的造型。
动物园里有很多项目是有时间安排的，比如牧羊犬表演。
入园的时候看看演出时间表，合理安排时间。"
27,布里斯班市政厅Brisbane City Hall,2018-10-08 16:39:48,-27.468931,153.023543,/poi/5443034.html,5,"市政厅是我觉得性价比特别高的一个景点，韵味十足的老市政厅建筑，可以乘坐最古老的电梯登顶，360度欣赏城市风光，内部有很棒的展览，科技的一面让人童心大发，名为100%Brisbane的展览，则展现着这个城市人情味的一面。
一个很简单的灯光秀，乐趣却很大。
黑色帷幕除了会模仿你的动作，还会配合一些蝴蝶飞来，光影环绕的特效，大概2分钟的时间，配合着一段欢快的音乐，感觉自己是冰雪奇缘里的公主。
100%Brisbane的展览，是我见过最棒的将大数据与艺术相结合的展览，结合大数据，以测试、动画、音频、插画等等表现方式，让参观展览的我像是在玩一个“了解布里斯班”的游戏，这个城市有多少人跟我一样高，有多少人和我一样喜欢养宠物，有多少人支持同性恋，有多少人生活在离异家庭等等。
与我相关，与城市相关，在逐渐深入的了解过程中，建立了我对布里斯班的感情。
展览里的测试环节，分为三个部分，关于我，关于我的生活，关于我与世界，测试结束，会看到布里斯班有多少比例的人与我有着共同的答案，有着最相近的想法。如果现场会有连线就好了，一定要约对方喝个咖啡。"
28,昆士兰美术馆Queensland Art Gallery,2018-10-08 16:37:31,-27.472897167605,153.01807317791,/poi/6300132.html,5,"喜欢逛美术馆和博物馆的人一定要去昆士兰现代艺术中心，布里斯班的大部分展馆都集中在这里，还有各种歌舞剧的表演馆，展览和周边小店都很值得逛。
馆内提供画板和铅笔橡皮，供参观者写下或者画下关于澳大利亚艺术收藏的看法。
无比幸运的是，恰巧赶上波点女王草间弥生在布里斯班艺术馆开展的时间，近距离欣赏了很多波点艺术品，油画、雕塑和装置艺术皆有。
尤其喜爱“The Obliteration Room”装置艺术，这里原本是一个纯白色的房间，从天花板、墙壁、地板，到沙发、餐桌、橱柜全部都是一片纯净的白色。每个入场的参观者都会拿到一张贴纸，上面是大小颜色各异的圆形图案，走进房间后，你可以将这些圆形贴纸贴在空间里的任何地方。
大家的创意无限，除了在已有的墙面桌面以及各种物品上贴满波点，还用波点创造出了很多“实物”。
当然，你也可以在自己身上贴出好看的图案，但是所有的波点贴纸都是装置艺术的一部分，是不让带出现场的。贴上拍拍照就好。"
29,LongtimeLongtime,2018-10-08 16:34:29,-27.459259,153.0339,/poi/58698176.html,5,"食物很好吃很好吃很好吃，气氛特别棒特别棒特别棒，服务特别好特别好特别好，调酒师特别帅特别帅特别帅，调出来的酒好喝又有创意，还想要啥？
用餐时段人很多，我们去的时候已经没座位，被安排到了吧台，本来想说你们提前预约下座位吧，否则要坐吧台，但在吧台可以近距离欣赏调酒师啊，还预约什么鬼座位。"
30,Milk Box Coffee & TuckshopMilk Box Coffee & Tuckshop,2018-10-08 16:33:18,-27.457223,153.031928,/poi/59039016.html,5,像是集装箱改造的，老板两个人看上去冷酷脸，实际上特别热情。咖啡好喝，点了三杯。
31,皇家植物园TheRoyalBotanicGardenSydney,2018-10-08 16:28:29,-33.8641859,151.2165708,/poi/17651.html,5,"皇家植物园是一个有很多种植物的大花园，可以坐着小火车快速的浏览一圈，然后再去喜欢的地方多待一会儿。尤其推荐园内的咖啡馆，咖啡很好喝，三明治也很棒，不记得咖啡馆的名字了，反正园内就那一家，周边还有纪念品店，纪念品的设计和品质都很高，很值得逛。
买了咖啡和三明治，找一块树荫下的草坪坐着，看着周围人在草坪上休闲玩乐，很澳大利亚的生活方式，也是这一天里觉得最舒服的时刻。
吃饱喝足往后一仰，躺在舒适清凉的草坪上，看着头顶的云慢慢从树叶缝隙中飘过，一朵又一朵，别提有多惬意了。"
32,悉尼歌剧院Sydney Opera House,2018-10-08 16:26:25,-33.856748265966,151.21530259392,/poi/17113.html,5,"悉尼歌剧院被称为设计新颖的表现主义建筑，设计师的灵感源于剥橘子这个动作，14瓣的建筑可以拼合而成一个完美的球体。
内部参观的时候可以看到设计想法的视频展现，更加浅显易懂，能一下子感受到它的魅力。
光滑的黄白色相间的（不是纯白色）有人字纹路的瓷砖，具有自洁功能，设计者实在是明智，否则不知道后人每天要花多少时间在清理鸽子屎上……
阳光照在建筑上，闪闪发光，简直是澳大利亚最亮的星。"
33,悉尼威斯汀酒店 The Westin Sydney,2018-10-08 16:24:37,-33.867717125171,151.20772319511,/poi/7408398.html,5,"跨年的时段选择了悉尼威斯汀酒店，在CBD核心区域，去哪儿都不远，距离跨年烟火观赏点步行可达，很方便，毕竟遇到这种大型活动，交通是一个很麻烦的问题。
酒店内部有一个“SORRY THANKS I LOVE YOU.COM”的实体店，里面东西不要太好逛。"
34,Pony Lounge & Dining,2018-10-08 16:23:15,-33.859091,151.20835,/poi/13493616.html,5,"刚好有一桌客人吃完离开，没人在排队，可以直接用餐，很幸运了。隔壁桌是一群当地人在过生日，氛围特别好，我还跟着一起鼓着掌唱了生日歌。
早就听说澳洲的牛肉特别美味，做好了充足的心理准备，没想到还是被好吃到眼睛发亮，重点推荐这道brisket，太！好！吃！了！
隔壁桌因为过生日点了很多份甜品，我就机智的问他们哪一个最好吃，他们推荐了巧克力慕斯加樱桃和树莓，巧克力不太甜，树莓酸酸的，很好吃～"
35,悉尼四季酒店Four Seasons Hotel Sydney,2018-10-08 16:19:46,-33.861653931556,151.20785415173,/poi/30747.html,5,"酒店里是浓浓的圣诞气息。值得一提的是，酒店大堂内的装饰画都是艺术家的作品，像参观艺术馆一样，每一幅画的右下角写有作品信息和价格，如果对画感兴趣，还可以去三层的画廊咨询购买。
酒店位于岩石区，离悉尼歌剧院和海港大桥都很近，拍照是很棒的角度。酒店旁边有一家免税店和很多可以逛的小店铺，有一家设计师集合店的名字叫“SORRY THANKS I LOVE YOU.COM”"
36,十二门徒直升机12 Apostles Helicopters,2018-10-08 16:11:29,-38.660045815767,143.10597855585,/poi/34057528.html,5,"大洋路被称为“世界上风景最美的海岸公路”，而十二使徒岩是这条路上当之无愧的明星，曾被誉为“人生必须游历的10处景观之一”，但这些并不是最吸引我的部分，反而是听到曾经的十二使徒现在只剩下了七个，而有一天这些巨石会全部消失，才决定坐直升飞机看看它。那一刻好像有一个橡皮擦和一支笔在脑海里，擦掉了”壮阔“二字，重新写上”悲壮“，在这正在进行的悲壮的消失进程里，看到的每一眼风景，都会成为历史。
往返共25分钟的飞行，前半程天很阴，甚至落了几滴小雨，给“悲壮”加了一层特效。
回程的时候，天气逐渐放晴，眼前的海岸与巨石随之变幻了色彩，突然一个有趣的想法跳进脑袋“上帝的大蛋糕”，你看，这一片巨大的海上陆地，这一块块随机矗立的岩石峭壁，多像随手一挖，一口一口被吃掉的蛋糕啊。抱着这样的新发现，心情轻松了不少，回程的路变成了蛋糕发现之旅，多了很多的乐趣～
除了壮阔的海岸景观，飞机调转方向的时候，还会途径一大片牧场，从高空俯瞰，黑色的牛群和白色的羊群就像撒在金色脆薄饼上的黑白芝麻。
飞机降落后，工作人员动作十分迅速的放下脚蹬、打开舱门、解开安全带、摘下耳麦，把我们“解救”下飞机，护送我们离开飞机，动作一气呵成，而我默默的脑补了一场被恐怖分子劫持的我成功被复仇者联盟解救的大戏。"
37,悉尼海港大桥Sydney Harbour Bridge,2018-10-08 16:05:21,-33.8523063,151.2107871,/poi/17120.html,5,"悉尼海港大桥是被称为世界第一的单孔拱桥，绝对的悉尼地标，在悉尼的明信片届与悉尼歌剧院平分秋色，造型的原因，当地人喜欢叫它“大衣架”，感觉可以和我们的“大裤衩”组成一个组合。
最值得一提的是，海港大桥是世界上唯一允许游客爬到拱桥顶端的大桥，成功登顶后还会收到一份像模像样的攀桥证书，算是我的新年第一证了～
澳大利亚的日出很早，我们选择了早上4:45的时段攀登，是当天第一批登顶的游客，只为了看到新年的第一个日出。由于攀登大桥的过程，脚下就是川流不息的车水马龙，安全因素的考虑，游客是不可以携带任何会脱落的东西上桥的，相机手机都不可以，甚至手表和手环都要摘下来，导览人会负责全程的拍照工作。因为如此，反而有了专注的眼光，心无旁骛的尽情俯瞰整个悉尼，静静看着太阳从悉尼歌剧院的身后，从海天的尽头缓缓升起，像是一位日出仪式的参与者，而不是一位记者。
攀登悉尼海港大桥的中外明星很多，发现了我喜欢的志玲姐姐和卷福～
带领我们登顶的大叔，还在顶端给我们加了个戏，询问整个小分队是否有人12月和1月过生日，我就是12月份过生日的那一个呀，于是来自5个国家的14个人就在大桥顶端高声唱起了生日歌，5个国家的生日歌一起唱，可以说是又混乱又好笑了。
攀登大桥的时段有很多，推荐日出时段和日落时段，一方面可以避开强烈的高温日晒，另一方面这两个时段真的很美。"
38,Go Ride A Wave Surfers ParadiseGo Ride A Wave Surfers Paradise,2018-10-08 15:58:43,-28.00178,153.42804,/poi/52864592.html,5,"冲浪者天堂有很多提供冲浪课程的机构，看了很多眼花缭乱的宣传册，最后选择了当地人推荐的一家叫“Go Ride a Wave”，是1987年就成立的冲浪学校，教练很认真负责，推荐。
建议选择2个小时的课程，1个小时完全不够玩，冲浪太有趣了！2个小时里，主要学习和练习两个技能，一个是浪冲过来时，迅速将冲浪板放在海浪上，整个人匍匐在冲浪板上，抬起上半身，（帅气的）感受着海浪把你推向岸边的速度，然而现实的情况是，冲浪板实在是太沉了，海浪比时光还匆匆……好不容易等来一个合适的海浪，刚把冲浪板放上，人还在水里，浪……走了……嗯……幸好在教练的帮助下，成功了两次，当时真的感觉自己酷翻了！"
39,黄金海岸海滨道Gold Coast Oceanway,2018-10-08 15:51:02,-27.940503222833,153.42572431779,/poi/7653198.html,5,"他拥有其它城市的一切，却多了十分的热辣与热情。这里的圣诞节是穿着沙滩热裤驾着冲浪袋鼠的圣诞老人，是街头巷尾戴着圣诞帽的比基尼和六块腹肌，是沙滩上的音乐烟火晚会，是走在街上时不时被祝圣诞快乐的快乐，是圣诞颜色的鸡尾酒。
酒店楼下遇到一群正在为圣诞节排练的男孩儿女孩儿，每个人都有一段solo，各自施展独门绝技，每一段结束都引来围观群众和团队的阵阵欢呼，大家都笑的超级开心，这样的笑声，在圣诞色的衬托里，在阳光下，在黄金海岸的热浪中，成为了一股快乐的力量，或者说像一记快乐的重拳，打在我心上。
圣诞前夜，通往海滩的路灯火通明，却没什么人，只有远方传来阵阵齐声的歌声和欢呼声，我们跟随着歌声的指引，原来整个城市的人都聚集在沙滩上了。在沙滩上席地而坐，很快就融入了这热烈的气氛里，耳朵里是不同版本的圣诞歌曲，眼睛里是漫天的烟花绽放，此刻呀，圣诞快乐。"
40,Old TowerOld Tower,2018-08-17 10:32:55,55.756774,37.620421,/poi/50009296.html,5,"古堡餐厅就在红场附近，建筑外观和内部环境都很复古，坐在窗边还有很好的视野。上餐前，服务员先为我们点了个蜡烛，简单的一餐突然就变得有气氛，仪式感的重要性随处可见。
依然是俄餐，但这家有很多种馅的饺子，看到了熊肉、鹿肉、兔肉馅，还有土豆馅饺子？以及樱桃馅饺子？？？"
41,Le Pain QuotidienLe Pain Quotidien,2018-08-17 10:23:25,55.757164,37.622658,/poi/50009236.html,5,"这家有一个十分特别的早餐，叫kuku sabzi，是波斯风味的omelette，鸡蛋里混合着菠菜，欧芹，韭菜，圆葱，香草，龙蒿等等……看菜单的时候十分犹豫，这得是什么味儿啊，早上吃这么重口味真的好么……猎奇使我不顾一切……
结果意外的好吃，概括的说是有一些辛辣香料味儿的鸡蛋饼。
临走买了巧克力牛角包，本来为了配咖啡，后来它抢了咖啡的戏份，绝对是我吃过的最好吃的巧克力牛角包！外皮酥脆，内里有韧性，巧克力不太多但味很浓，好吃到我还买了一个带回北京……"
42,57号餐厅No.57,2018-08-17 10:14:43,55.754227,37.622917,/poi/6262296.html,5,"stolovaya 57是在古姆国立百货三层的一家餐厅，也叫57号食堂，是前苏联时期的自助餐厅，性价比很高的俄餐，很好找，三层排队队伍最长的就是它家了。
选餐的方式很宜家，从前菜开始，一路选到主菜，最后结账。菜品有中文名字备注，但翻译很考验人的想象力，不过能看出来翻译的人也尽力了。
同伴点了酸奶，超好喝，好喝到回了酒店她还在说“今天的酸奶好好喝啊”。
卷心菜包牛肉很入味儿，全场我最喜欢，藜麦饭健康又好吃。
烤苹果也特别推荐，第一次见到这种做法，看到餐厅里人手一份，酸酸甜甜的，比蛋糕什么的健康很多的餐后甜品。"
43,PanayekhaliPanayekhali,2018-08-17 10:13:10,55.747135,37.581707,/poi/38433820.html,4,"在莫斯科最最最喜欢的一家俄式餐厅。
复古与明艳搭配的刚好，
椅子有不同的图案，
老皮箱组成了吧台，
食物突出的美味。
只是，上菜贼慢。
可是，好东西总值得等待。
店里有英文菜单，也有一个更简单的点餐方法，菜单上列出了推荐top4，我们就直接点了1，2，3，4，每一个都很好吃，放心的点吧。"
44,古姆国立百货商店GUM,2018-08-17 10:10:21,55.7546967,37.6215216,/poi/87708.html,5,"97岁的百货商店，透着底气十足的优雅，进驻的品牌更像是陪衬，更多人来这里并不是为了逛商场，而是为了参观商场。
一层超市的食品区，有很多俄罗斯特色美食，看起来都好像很好吃，我买了一个法棍，是在俄罗斯全程吃过的最好吃的法棍。"
45,国家历史博物馆StateHistoryMuseum,2018-08-17 10:10:02,55.755334,37.6178474,/poi/88531.html,5,一直以来对俄罗斯的历史都没有什么了解，也没什么机缘去了解，所以，在得知国家历史博物馆涵盖了俄罗斯的千年历史时，就来了。
46,无名烈士墓Tomb of the Unknown Soldier,2018-08-17 10:09:04,55.754853187465,37.616115186508,/poi/93381.html,5,"走过这里，站了一会儿，脑海里飘着《寻梦幻游记》的主题曲。
燃烧着无名火的五角星下，有一段铭文“你的名字无人知晓，你的功绩永世长存”。"
47,圣瓦西里升天教堂TheCathedralofVasilytheBlessed,2018-08-17 10:08:35,55.7525229,37.6230868,/poi/87583.html,5,"圣瓦西里升天教堂是莫斯科绝对的地标，很多人都是通过这个教堂留下对莫斯科的第一印象。
童话般的教堂外貌，却拥有一个十分不童话的传说，传说中教堂建成后，伊凡雷帝为了不让建筑师再造一座比它更漂亮的教堂，于是便下令弄瞎了他的眼睛……
教堂内部每一个穹顶都很美，一定要抬头看。很喜欢教堂内的壁画花纹。
从教堂二层更能感受古姆国立百货的美，以及永远人潮涌动的红场。"
48,克里姆林宫The Moscow Kremlin,2018-08-17 10:07:07,55.7520233,37.6174994,/poi/87585.html,5,"克里姆林宫是一组建筑群，在莫斯科的地位相当于北京的故宫，已被评为世界文化遗产。这里有很多教堂可以参观，很多建筑可以拍。
下午五点，仪仗队开始表演，时长大概20分钟，有乐队，有马术，有很多帅气的小哥哥。"
49,红场The Red Square,2018-08-17 10:06:35,55.753926565691,37.620795121357,/poi/87582.html,5,"红场是莫斯科的中心区域，西边是克林姆林宫，东边为古姆国立百货，南侧是圣瓦西里升天大教堂，北边是国家历史博物馆，推荐住在红场附近，每天都可以感受莫斯科最热闹最精华的一面。
凌晨12点的红场，世界杯期间的俄罗斯，每天都像在过节。"
50,特列季亚科夫画廊TretyakovGalleryonKrymskyVal,2018-08-17 10:05:08,55.741389,37.6208639,/poi/5529607.html,5,"莫斯科所有的展馆里，最喜欢这里，所有的作品里，最喜欢的是《安坐的恶魔》。
看到其中一幅画的第一反应就是去看创作时间，现代感的画风在整个展馆里都显得异常突出，这是画家季·谢列布里亚科娃在1909年创作的作品，也是她的第一幅油画作品。"
51,普希金艺术博物馆Pushkin State Museum of Fine Arts,2018-08-17 10:04:06,55.746601,37.605123,/poi/93390.html,5,"普希金美术馆就在基督救世主大教堂的马路斜对面，适合放在一天去，附近有看上去很不错的咖啡馆，我去的时间有点赶，没来得及坐坐，还挺遗憾的。
如果上午先去教堂看城市风景，中午在咖啡馆坐着吃个午餐，下午再去普希金美术馆看看城市精神，慢慢走慢慢看慢慢喝咖啡，会是很美妙的一天。
大部分文字讲解是俄文，完全看不懂。馆内可以租中文的讲解器，建议租一个。"
52,基督救世主大教堂Cathedral of Christ the Savior,2018-08-17 10:02:23,55.744642,37.605494,/poi/88472.html,5,"莫斯科的云很美，像是千万幅油画中的云飘在天上，是我看过最盛大的展览。
如果你也想看这场展，一定要去救世主大教堂，登顶到最高处，360度的观光台，可以尽情欣赏莫斯科的每一个角度。
独特的是，360度的观光台被平均分成了四份，走过通道，上楼梯，看到四分之一的莫斯科；再下楼梯，穿过通道，上楼梯，看到另外四分之一的莫斯科，如此四次，才能看到完整的她，这样的设计，给了这场城市俯瞰旅行，十足的期待和仪式感。"
53,TepemokTepemok,2018-08-17 10:01:25,60.033567,30.367318,/poi/6559027.html,5,"打算买汉堡王吃，结果发现这家店夹在肯德基、麦当劳和汉堡王中间，排队的人比三巨头加起来都要长，当然要吃。
后来才发现，竟然误打误撞到最知名的俄餐快餐，主要卖各种馅料的煎饼，吃起来口感跟pizza有点像。最有趣的是中文菜单的翻译，鲑鱼奶酪煎饼叫海鲜壮士的煎饼，类似的还有肉壮士和鸡肉壮士的煎饼，我们因为猎奇点了一份“有异块蘑菇汤”，就想知道异块到底是什么。
我最喜欢这家的蜂蜜啤酒，有一点点甜的啤酒。
俄罗斯红菜汤获得一致好评。
特别迷你的俄式饺子肉馅很紧实，饺子口感Q弹，还挺好吃的。"
54,OgoKhogo,2018-08-17 10:00:06,59.938026,30.317114,/poi/38433684.html,4,"火锅店的名字就叫hot pot，老板特别喜欢中国文化，店里随处可见中国和亚洲元素。
火锅味道还不错，小小的店面，一直满座，下着雨的街道冷冷清清的，反衬着火锅店的热闹。
老板用牛肉丸和空心面做logo，服气。
就是上菜太慢了！！"
55,涅瓦河Neva River,2018-08-17 09:37:21,59.809657113913,30.841604979053,/poi/89374.html,5,"开桥仪式大概是凌晨1:30，就在冬宫旁边的河上，如果有体力，推荐去看，人多到超乎想象，还有人遛狗遛娃，怀疑俄罗斯人都不睡觉…
开桥时段，成群不睡觉的人站在河边，沿着河边散步。"
56,叶利谢耶夫食品店Eliseyeeff Emporium,2018-08-17 09:32:49,59.934196,30.337548,/poi/5979397.html,5,"叶利谢耶夫食品店过去是一个文学沙龙，普希金等文化名人经常在这里聚会，后来转型成了食品店，装修是华丽复古风，食品种类特别多，包装和摆放也都有些复古的韵味，在里面闲逛，像是穿越到过去的繁盛时期的商店。
买了一盒巧克力，巧克力盒是一个圆形的木质盒子，上面画着可爱的不同品种的小猫小狗，全都是俄罗斯女孩亲手绘制的，每一个都独一无二。
店内有人演奏钢琴，店外有人弹着吉他，推门出入的瞬间，声音与声音相遇，感觉还挺奇妙的。"
57,FIFA fan festFIFA fan fest,2018-08-17 09:25:43,59.941188,30.32609,/poi/34753304.html,5,"在球迷俱乐部看球，应该是性价比最高的观看世界杯的选择了，免费入场，而且气氛比现场还要燃。
在莫斯科的球迷俱乐部，我们专门选了俄罗斯对战克罗地亚那一场，感受一下战斗民族+东道主+球迷三重身份累加的一群人，聚集在一起会是什么级别的疯狂。
球迷俱乐部在莫斯科的麻雀山附近，距离莫斯科大学很近，依旧有一段很长的无机动车距离，估计比世界杯现场的还要长3倍。球迷们从入口处汇集，一起往现场走，吹喇叭的，欢呼的，喝酒的，摇旗的，阵仗像是冲向战场前的行军，士气大的啊。
很像音乐节，但规模要大很多，球赛开场前和中间都会有热场嘉宾，全场一起唱歌，一起大喊Russia！Russia！Russia！"
58,圣彼得堡体育场Saint-Petersburg Stadium,2018-08-17 09:22:33,59.9727907,30.2261218,/poi/34316252.html,5,"圣彼得堡体育场看上去像一个大飞碟。
球场外已经很疯狂很热闹了，没想到一走进球场大门，还是被人群的欢呼和强烈的动次打次音乐声震得一愣，彷佛有人大声在耳边大吼了一声“欢迎来到狂欢时刻”。
球员入场时，整个球场充斥着球迷的欢呼声，在足球场钢筋混凝土的包裹中，强力共鸣，声势浩大。"
59,糯米香(兴工街店),2018-07-04 10:41:04,38.918649,121.58698,/poi/14165704.html,5,"大连最老的甜品店，已经有二十年的历史了，我爷爷奶奶当年还去排长队买来吃，网红美食界的元老级。
我还记得我小时候会在糯米香里等姥姥下班，一个人坐在店里喝红豆粥吃炸元宵，等待都变的特别甜，一点都不着急，不介意一直等下去。
红豆粥是这里的镇店之宝，红豆的分量十足，煮的软软糯糯的，每一口都是大满足。
还有刚出炉的炸元宵，外皮酥脆，一口咬下去又是黏黏的，咀嚼起来味道甜甜的，简直是口齿间的享受。
还有新款的抹茶红豆糕特别好吃，就是藏在后面那绿绿的一坨，前面的白芝麻黑米的有点一般。
超级推荐新品青团，是我吃过的最好吃的青团！"
60,南浦森林顶级酒店Hotel Foret Premier Nampo,2018-06-28 11:28:49,35.09812,129.02961,/poi/33880908.html,4,"酒店位置很棒，就在南浦洞，出门右拐一二百米就是biff广场，晚上有热闹的小吃街，各种釜山小吃都有。离甘川洞也不到2公里。
服务态度也很好，有一天下雨，前台还准备了透明雨伞。
房间干干净净简简单单的，进门有香气，挺舒服的。"
61,香格里拉大酒店THE SWING酒吧,2018-06-26 15:46:37,38.925230765368,121.65351016642,/poi/14114208.html,5,"Swing译为摇摆，音律，一个酒吧叫这个名字，显然是会有现场音乐调节气氛，喝一杯鸡尾酒，微醺的状态下伴随着音乐的旋律起舞，轻轻的摇晃掉疲惫，沉浸在愉悦中心。
点了颜值最高的“圣安德烈火焰”，是酒吧的原创的鸡尾酒。看调酒师制作这款鸡尾酒的过程特别有趣，在调制后的威士忌里加入点燃的橙皮，注入烟雾，杯罩拿开的一瞬间很梦幻，还可以闻到烟雾的香甜味道。
酒吧的驻唱是两个外国人，特别会调动气氛，唱歌的女生特别可爱。
酒吧里还有高尔夫球模拟机、飞镖等等游戏可以体验，在这里的夜晚绝对不会无聊。"
62,小景咖啡,2018-06-26 15:44:41,38.92894,121.66514,/poi/6731351.html,5,"小景咖啡是大连一个可以看海景的咖啡馆，在十五库的四楼靠海一侧，白天当然也可以来喝杯咖啡，但这里的夜晚更胜一筹。暖暖的橘色灯光，温馨美好的环境，眼前就是大连新的CBD建筑群，亮起的灯光倒映在海面。
推荐桃子果茶，清甜的味道，店家还贴心的给茶壶穿上了毛衣，不会烫手，看上去超萌。
虹吸壶咖啡，直接把虹吸壶一起端了上来，在配上一个热咖啡杯和一个冰咖啡杯，很特别，拿着虹吸壶自己倒，还会有一种做咖啡师的感觉。这里从进门开始就有很多的装饰，每一个角落都自成风景，很适合拍照。"
63,西村日本料理,2018-06-26 15:43:04,38.925305741691,121.65378713797,/poi/14114586.html,5,"大连与日本一海之隔，有很多日本人在大连工作生活，因此也有很多地道正宗的日料店开在这里，成为大连饮食特色里国际化的一面。西村日料的主厨是日本人，同时也是大连日料协会的会长，餐厅在香格里拉酒店的二层，窗外就是繁华的中山路，一杯清酒，敬这夜色中的繁华都市。
这次喝的是河豚鱼鳍煮清酒，将烤干的鱼鳍干放在酒杯中，倒入热清酒，清酒的味道加上被热度激发出的鱼干香，十分特别的味道。
海胆特别肥美，吃一大口海胆再喝一口清酒，满足了。
牛柳薄烧太好吃了！牛肉嫩而多汁，一块肉搭配一片酥脆的烤蒜片，口感喝味道都太棒了！河豚鱼薄切，肉质新鲜有嚼劲儿，清酒好搭档。牛油果蟹肉沙拉，很新鲜爽口，料又很足。米纸寿司很特别，就是我们小时候吃的包在糖外面的那种米纸，这次里面包的是寿司，我就直接像吃糖一样拿起一块塞到嘴里，不会粘手，料也不会掉，很有幸福感。
日料制作区也是开放的设计，可以自己挑选海鲜、蔬菜等各类食品，也可以跟厨师聊聊自己的喜好和口味，吃到私人订制的日料。"
64,品海楼(老虎滩店),2018-06-26 15:39:22,38.876935,121.685551,/poi/8965649.html,4,"如果想要感受更具大连特色的海鲜餐厅，推荐品海楼的老虎滩店，餐厅的建筑很有老味道，大门是沉重的旋转铁门，很有历史感；地点位于渔人码头，可以看海、逛小店、拍成群的渔船，可玩性高；内部陈列了很多大连的老物件，还有一辆可以在上面用餐的大连老有轨电车。
进了餐厅服务生会先给你一个号码，然后就可以下楼选海鲜点菜了。
楼下的海鲜区颇有海鲜市场的感觉，海鲜种类丰富，明码标价，点好了选择烹饪的方法就可以啦。
二层是用餐区，走到座位的一路上，装饰着各种具有时代感的老物件，老式收音机，老电视，老钟表，老式手电筒……等菜的过程中，完全可以来一次小型的大连历史文化参观之旅。
我特别喜欢吃蒜蓉扇贝，去哪吃海鲜都必点这道菜，这家做的很好吃。
这家的三鲜焖子不推荐，味道不正宗，跟嘉嘉菜馆差了几条街，不好吃不好吃。
蛏子味道很好，也很新鲜，但是份量有缩水的嫌疑，我们点了8只大个的蛏子，上来变一小盘我爸看到菜就跟我说“你写游记的时候跟大家讲，蛏子的做法选蒸的，不要选炒的，可以保证份量”。
店里的另一大特色是一辆古董级老有轨电车，还可以在上面用餐，不过服务员说要人很多的时候才会开放这里。"
65,日丰园海肠水饺大连一绝,2018-06-26 15:35:53,38.829698,121.499281,/poi/14233616.html,5,"这家海肠饺子名头可厉害了，是大连唯一一个上过《舌尖上的中国》的特色美食，也受到美食家蔡澜先生的认可，一进门就是这两位大神和老板娘的合影，左右护法的感觉。不仅如此，孔令辉、韩红、孙楠等等名人都曾是这里的食客。餐厅进门两旁都是新鲜的海鲜和蔬菜原料，以及各种熟制品和凉菜。
海菜包子是大连的特色小吃，特别好吃，强烈推荐。
日丰园在大连的小平岛，离市中心打车要30多块钱（会途径大连新建的海港大桥，是大连的一个新地标），这对大连来说已经是非常远的距离了，相当于从北京二环里打车去回龙观，只为吃顿饺子。
到了小平岛，路上几乎没什么人，可是一进餐厅，人声鼎沸，还要排队，“酒香不怕巷子深”说的就是这里了。
重头戏－海肠饺子，又多又新鲜的海肠，鲜美的汤汁，完全值得走这一趟。"
66,大连香格里拉大酒店(咖啡苑自助),2018-06-26 15:28:23,38.925378,121.6537,/poi/30381514.html,5,"海鲜新鲜种类又多，大个的牡蛎、扇贝、螃蟹、皮皮虾都无限吃，关键是皮皮虾和螃蟹竟然每个都有籽，这个性价比就很高了，如果想一次把海鲜吃个痛快，推荐这里。
自助餐是在香格里拉酒店的咖啡苑，咖啡苑的“美食剧院”理念很有趣，认为餐厅就是一个美食剧院，厨师是剧院的表演者，餐厅则是他们展示烹饪绝活的舞台。客人可以与厨师直接面对面地交流，让厨师按照自己喜欢的口味为自己烹饪美食。
母亲节当天，我的工作还没有结束，就干脆把爸妈叫来酒店餐厅请他们吃海鲜自助，爸爸妈妈特别爱吃海鲜，而且作为大连人吃了一辈子海鲜，要求很严格，这次完全感受到了他俩吃的很满意。"
67,2路车站小丸子(奥林匹克店),2018-06-26 15:06:20,38.910111226894,121.60911393613,/poi/6941696.html,4,因为开在2路车的车站而得名，早已成了连锁店，在很多地方都有店，推荐奥林匹克广场这家。
68,香格里拉大酒店香宫中餐厅,2018-06-26 15:04:13,38.925096773048,121.65342217558,/poi/14111685.html,5,"香宫中餐厅的鱼汤海鲜泡饭！想起来都激动！太好吃了吧！鱼汤海鲜泡饭这么多年一直都是香宫的头牌，这次吃到的一刻，我听到了我的嘴巴和胃口的呐喊：“实至名归！！！”
去大连玩一定要吃，不住酒店专程去吃也要吃，这不是食物，是一大碗幸福感！
鲫鱼汤熬制了3个小时，汤都是白色的，特别浓特别香，然后放入炸大米，大米会很快吸收汤的味道，口感进入酥脆和软糯的中间地带。
鱼汤泡饭的最佳搭配，萝卜干拌海螺，萝卜干超级好吃。
烤鸭也是香宫的招牌，我尝试了新出的烤鸭马卡龙，特别混搭，很有创意。"
69,野谷鲜花店,2018-06-26 14:44:26,38.895687,121.647397,/poi/34328664.html,5,"整个花店内部是墨绿色的，加上摆满的鲜花，挂满的干花，会有一种走进森林花园的感觉。
当天是母亲节，老板娘一边忙着扎花束，还不忘一边招待我，我说你忙吧，我就随便拍拍照，你家店很好看，老板娘是典型的大连姑娘“随便拍，我这血忙，你拍你的没事儿”（脑补一下东北口音）。"
70,Oneday Cafe&PastryOneday Cafe&Pastry,2018-06-26 14:29:37,38.89569,121.64751,/poi/34328600.html,5,"这家店是在大连的朋友里最爱喝咖啡的一位推荐的，那当然得去探个究竟。
咖啡师推荐了他们的新品“逆冰”拿铁，作为一个前广告文案工作者，对好听的名字也是毫无抵抗力，很多时候都会用名字来判断是否要掏腰包，也算是对文字行业的一种支持啦。
逆冰拿铁是冰咖啡，做法是将espresso冻成冰块，加上牛奶，随着冰块的融化，咖啡的味道会越来越浓烈，咖啡界的威士忌。
这家咖啡店虽然只开业了一年多，但老板做了近十年的甜品，来这里一定要点一份甜品尝尝，我点了浓郁黑巧慕斯，真的十分对得起“浓郁”两字，强烈推荐给爱吃巧克力的朋友。"
71,正在生活,2018-06-26 14:12:46,38.895963701822,121.65158515221,/poi/30380230.html,5,"我们总会被自己所在的地方影响，被环境的气氛带动着情绪，而这家店的超能力是会让人安静而开心。
一走进去就能感受到老板对生活的积极心态和满满爱意，每一个角落都细心布置，墙上、地面上、花园里、装饰品上，都有写给你也写给生活的话。
油画吐司又简单又好看，而且好吃。
咖啡馆有一个小露台，刚好有阳光透过绿色的繁枝茂叶洒下来。"
72,MOOCHOOS 目出,2018-06-26 14:08:13,38.912401419399,121.60665954383,/poi/30329642.html,5,"大连颜值最高的甜品店，高到连带着对自己的摄影水平自我感觉十分良好。
拍了特别多照片，选照片的时候一直在默默感叹“天呐，我怎么这么会拍照！”
老板娘说她希望自己家的甜品都是可以和客人互动的，有趣的。
「火星陨落」会用火点燃巧克力，「毒药」会在切开的一刻流出浓稠的带着绿色抹茶的巧克力酱。
除了甜品，鸡肉沙拉可颂三明治也特别好吃，这家店是带着爸爸妈妈来的，他俩对三明治赞不绝口。"
73,NAMOONAMOO,2018-06-26 14:06:02,38.910953,121.583865,/poi/34328468.html,5,"这是一家桌上有花，伞中有花，墙上有花，屋顶有花，盒子里有花，花瓶里有花，随处都是美好小心思的花与咖啡店。
如果有时间在这里坐的久一点，请一定要多在店里走走，去欣赏每一个细节，会觉得原来生活里可以有这么多简单却动人的创造。
NAMOO是一只小狗的名字，小狗的主人是咖啡店老板的韩国花艺老师，LOGO是小狗的样子，特别可爱。
点了雪人卡布奇诺，也是店里的招牌，棉花糖做的小雪人躺在热咖啡里，像是在惬意的泡咖啡温泉。
名为“黑白”的冰咖啡是咖啡馆的新创意，将竹炭粉加入咖啡里，喝起来有沙沙的口感，很特别，很适合夏天。"
74,自由之丘后山书店,2018-06-26 13:58:06,38.911682,121.582746,/poi/34328432.html,5,"我要向你保证，走进这家店里待上十分钟，你会爱上这里的。
这是一片有书有咖啡的自由之丘，你可以说这里是一家很多书的咖啡店，而我更倾向于这里是一家有好咖啡的书店。
走进店里很容易被一幅字画吸引“一生悬命”，源自古日语，武士们常常以“一所悬命”来表达自己拼死的决心。后来经过后世的流传变化，现在意味用一生的时间尽全力去做某事。
书店的一层有很多老物件，陈列在满墙的书籍中间，很有味道。
老板很喜欢日本文化，店里的设计风格以及很多装饰小物都是源自日本。
点了手冲，咖啡的品质和味道都很好。如果我在大连，应该会每天来这里工作写文章的。"
75,日本风情街,2018-06-26 13:49:56,38.913165,121.653774,/poi/9378.html,5,"南山风情区拥有日本式民居的建筑群，不过来到这里，很多人会和我一样有相同的疑问，这街上分明都是欧洲建筑啊？其实日本早年就有一支和洋折中的建筑流派，就像中山广场上的交通银行一样，看似是欧洲风格的建筑，实际上它却是由日本设计师设计的，大连曾是日本人实现欧洲建筑风格梦想的试验地。
现在的南山风情街上有很多艺术工作室，原创设计小店，咖啡馆和餐厅，隐藏在高耸的银杏树后。店家都很用心的装饰自己的一方天地，走在街上有在逛北京798的感觉。
其实我最喜欢这里的原因还是因为人，我在这条街上感受到了大连人十足的热情。走进一个像是艺术空间的店，店里的姐姐特别热情的用大连话给我介绍起了各种作品，老亲切了。这才发现这里其实是一个教小朋友画画做雕塑的地方，并不是对外参观的，店里的姐姐就是小朋友们的老师，有这么热情阳光的老师，特别羡慕她的学生们。"
76,LUZERN 琉璃森林(牛排专家),2018-06-26 13:39:11,38.912627,121.643018,/poi/14107665.html,5,"琉璃森林是大连的约会圣地，推荐我这间店的朋友都是有另一半的。
餐厅有两个空间组成，一方清新自然，一方复古典雅。
我主要是奔着他家的疯狂奶昔来的～颜值特别高，配料特别丰盛，三个大大的冰激凌球，一大杯奶昔，与不同种类形状的饼干、棉花糖组合搭配，像是构建了一个甜品雕塑艺术品，吸睛又美味。就是太大了一个人根本吃不完，三四个人吃比较合适。
绿荫下的彩色玻璃房也是这里的特色，阳光明媚的时候，特别美。"
77,阿汤咖啡 atang coffee,2018-06-26 13:36:00,38.861705,121.534507,/poi/14236988.html,4,"老板很帅！咖啡品质很好。
跟老板聊天，聊到了对咖啡好坏的判断标准，老板的观点我特别认同。他说“咖啡文化发展了那么久，不应该是一个特别小众的事情，我希望我做出来的一杯咖啡，80%的人觉得好喝，剩下20%可以留给个人口味的差异，而不能说我做的咖啡就是很好，如果只有20%的人喜欢，那是因为只有20%的人懂得欣赏”。
我是一个偏爱奶咖的人，这次被老板安排了手冲，在他看来，手冲咖啡更加纯粹的展示着咖啡的原貌，加了奶和糖的咖啡，会让咖啡有少许失色并且没有那么健康。
我喝的叫“致敬皮爷”，是阿汤咖啡的新品是老板用来表达对美国精品咖啡大师皮爷的敬意。"
78,幸福宫中国兰州牛肉面(西安路店),2018-06-26 11:24:58,38.913272,121.588546,/poi/34327440.html,5,"店名就叫幸福宫，在大连最繁华的西安路商业街附近，吃完面可以在周围热热闹闹的逛街。虽然做好了碗很大的准备，看到面端上来还是惊到了，13斤的大碗啊，我都端不起来。
其实五个人点两人份就够啦，我们点了四人份只吃完了一半。
这次的面吃的特别热闹，爷爷奶奶特别开心，而且爷爷是特别爱吃面的人，这家也算是经过我爷爷的检验了，味道很好。
服务的态度也特别好，四人套餐里是有四杯饮料，老板娘看到我们是五个人，还额外送了我们一杯。大连人的热情。"
79,鸿發吃饭公司,2018-06-26 11:02:11,38.916979,121.644012,/poi/34327312.html,5,"一家风格很强的港式茶餐厅，开业才4个月，还在试营业阶段，用餐时间已经排起了队。
一进门先看到“不怎么好吃”，低头又看到“不欢迎”，坐下又看到“奶茶称皇，鱼蛋称霸”，老板很有性格啊，不敢惹不敢惹。
实际上，味道很不错，推荐牛腩煲，很入味儿，以及冰火菠萝油，一定要趁热吃呀。
奶茶也很正宗，还可以免费续一杯。"
80,鲸咖啡BELUGA CAFE,2018-06-26 10:54:22,38.879487,121.573141,/poi/8826286.html,5,"鲸咖啡是一家可以和鲸鱼、海豚一起喝咖啡的咖啡馆。太。治。愈。了。
海豚和鲸鱼真的会和你互动，一会儿看着你笑，一会儿在你面前顶自己的玩具球，剩下的时间就是组团打闹飞来飞去，看着就开心，我明显的感觉到，自己全程都有一种老母亲般的慈爱微笑挂在脸上。
咖啡馆有两个空间，一个可以看海豚，一个可以看鲸鱼，鲸鱼区是只有会员才可以坐下用餐的，但可以点完餐过去拍照，不影响。
海豚一会儿自己玩，一会儿隔着玻璃找人玩儿，如果看到它们在隔着玻璃静静地看你，就抓住机会赶紧去合影吧。等到它们自己互相追逐的时候，想要合影实在是太难了，照片里只能看到一个幻影，而且它们一玩起来跟小朋友一样，根本停不下来。
去鲸咖啡最好避开周末，人会很多，很难拍照。
实在避不开就早去，10点开门的时候人少。
咖啡的拉花是小鲸鱼造型，圆圆的大脑袋大眼睛特别可爱。
彩虹吐司也是这里的招牌，据说是抖音上的网红吐司，还挺好看的。中间是芝士加上各种果蔬汁调出的颜色，味道还不错。
这里特别适合带小朋友来，看到很多小朋友沉迷于和海豚鲸鱼互动，妈妈们就在一旁边喝咖啡，大概是全大连带孩子最省心的地方了，妈妈们的福音。"
81,首尔明洞喜普乐吉酒店(原首尔黄金郁金香M酒店)Sotetsu Hotels The Splaisir Seoul Myeongdong,2018-06-24 22:05:34,37.56196100469,126.97869897116,/poi/15575250.html,5,"太！喜！欢！
一个做梦都是童话的房间。
环境如图，内部都是LINE的周边，整个14层都是LINE主题房，童心满满。
一开电梯门还有LINE前台，瞬间就开心起来。
住在这里可以去17层的餐厅吃早餐，视野很好，房间的窗户很小，是个不足。
酒店地理位置很好，就在明洞附近，步行过去7、8分钟，门口就有airport bus，15到25分钟一辆开往首尔的两个机场，很方便。"
82,向村陶艺咖啡馆,2018-06-05 09:05:39,39.952677,116.723398,/poi/29466850.html,5,老板是中国知名的陶瓷艺术家周相春。这里既是咖啡馆，也是相春老师的作品展示空间，一进门的两层空间很大，随处都是他亲手制作的陶瓷工艺品，种类简直包含大千世界，动物、人物、茶具餐具、小工艺品全部都有，还有几个是宋庄艺术家的人像造型。咖啡馆最深处的空间很精彩，也是制作咖啡的地方，各种风格的绘画手稿一幅一幅的被形状各异颜色不同的画框裱好，填满（是真的填满）了整个屋子，也都是相春老师多年来随手画的手稿，而这里还只是很小的一部分。咖啡很好喝，尤其推荐摩卡。
83,如故RUGU CAFE,2018-06-05 09:01:45,39.943725,116.411382,/poi/29554338.html,5,如故照相馆在方家胡同46号院里（这个院子里有很多好玩的店可以逛），照相馆一共有两层，二楼是老板的摄影工作室，不对外开放。一楼是咖啡馆，其实更像是一个摄影作品展览馆，黑白胶片照片在这里是绝对的主角。整个咖啡馆又分为两个部分，一个空间摆满了摄影师的人像胶片作品，中国人，外国人，孕妇，少女，老人，姐妹两人的，一家三口的，一大家子的，每一张都层次丰富，质感细腻。时间是公平的，慢总是比快多了一份用心，而恰恰是这份心，在快速的时代里，拥有无法替代的价值。另一个空间可以用餐喝咖啡，墙上有很多大幅的胶片作品，其中有一张是一卷手纸，就是那种最普通最常见的卷纸，在摄影师的创造制作下，很美。点了名为奇兰的岩茶，因为“Magic Lan”的名字很好听，还点了热拿铁，味道很棒。当时还聊起来，很多咖啡馆，光是看老板做的事，就知道咖啡一定错不了。
84,半山腰,2018-06-05 08:58:20,39.919714,116.448049,/poi/29596942.html,5,半山腰在侨福芳草地，中午和晚上是家云南餐厅，下午是一家咖啡馆，多重的属性完全没有降低咖啡的品质，是很棒的精品咖啡。
85,CAFE FLATWHITE(塔园外交公寓店),2018-06-05 08:55:59,39.945242,116.449924,/poi/29571326.html,5,延续了FlatWhite的清新风格，但这家店因为在外交公寓里面，进入小区的时候需要登记身份证，所以知道的人少，更隐秘安静。
86,CAFE FLATWHITE(751D-Park店),2018-06-05 08:55:28,39.984372,116.49888,/poi/29572790.html,5,店铺有偌大的玻璃窗，目之所及都是绿植，阳光好的时候美翻了。胡萝卜蛋糕是这里的招牌甜品，但我更推荐巧克力熔岩蛋糕，蛋糕上来的时候热乎乎的，勺子一下去，浓稠的巧克力夹心就像流沙一样流出来，吃一口太满足了。
87,17cafe,2018-06-05 08:52:00,39.918634,116.455796,/poi/29580026.html,5,"17cafe在世贸天阶旁边的小区新城国际里，环境清新舒适，很多马卡龙颜色的元素，在里面坐一会儿，觉得整个人都变温柔了。咖啡店不大，全透明的玻璃窗，一眼望进去就能了解个大概。咖啡馆老板应该是个音乐迷，店里的黑胶唱片机一直播放着音乐，旁边木质盒子里有厚厚一叠的胶片可供翻赏。而且我最近一次去17cafe，还遇到了老板带着好妹妹乐队的两个人来聊天。
点了热拿铁和树莓慕斯，咖啡味道和拉花都5颗星，树莓慕斯颜值很高，味道和淡淡的粉色一样清新，是我很喜欢的不是很甜的那种。店里有两种沙拉的名字很可爱，“虚伪的沙拉”是有牛里脊和鸡腿肉的沙拉，所以很“虚伪”，哈，“真正的沙拉”则都是蔬菜和水果。"
88,soloist coffee co(杨梅竹店)soloist coffee co.,2018-06-05 08:42:11,39.896041,116.392963,/poi/8537194.html,5,"咖啡馆有两层，推荐坐在二层，伴随着鞋子踩在木质楼梯的踏踏声，你会看到很多不同时代的老地图，大小各异的地球仪，一架钢琴，以及和环境舒舒服服融合在一起的小装饰。二层有两个对着胡同的很小的玻璃窗，远远看上去像是挂在墙上的胡同风景画。从二层的阳台，可以看到杨梅竹斜街向远处延伸，两侧是成片的老北京住宅，透着浓浓的生活气，日落就在这里solo。
重点补充！这里有全北京最好吃的手撕鸡肉牛油果帕尼尼，太好吃了，骗人是小狗！"
89,Berry Beans,2018-06-05 08:41:11,39.936806,116.454747,/poi/29592834.html,5,"一杯好咖啡是一家咖啡馆的基本，在此基础上，再加上品味独特的环境，吸引力会倍增，如果，要求再高一些，我还期待一家好的咖啡馆会激发一次难忘的迷你旅行。Berry Beans三里屯店符合以上所有的期待。Berry Beans在三里屯3.3大楼6层的最深处，通往咖啡馆必经的一小段路精彩极了，简直就是一个复古天堂，每一步都是惊喜。
Berry Beans延续了复古风，咖啡馆里的家具和陈列都是从美国西雅图淘回来的古董，每一件都有上百年的历史，我尤其喜欢墙上挂着的泛黄的纽约老地图。我点了一杯黑糖肉桂拿铁，拿铁会搭配一根肉桂一起端上来，店员会用喷火器把肉桂烤成黑色给你，这时候赶紧用烤过的肉桂搅拌咖啡，肉桂的味道会最快的融入咖啡里，然后就可以开始窃喜自己又喝到了很棒的咖啡，又拥有了一次很独特的体验啦。"
90,我与地坛thecorner,2018-06-05 08:38:27,39.953958,116.420316,/poi/29595874.html,5,咖啡馆隐藏在一家汽车修理厂角落里，门对着一面红墙，要费心找找。老板原本只是想着在修理厂里开间咖啡馆，让来这里修车的人放松一下，缓解一下自己的车出了问题这种不开心的情况，没想到一开起来，很快就成了大家的心头爱，很多人慕名而来。咖啡馆的空间很大，一共是三层楼，一、二层是咖啡馆，三层是展览空间。一、二层楼是中空打通的设计，一整面墙的窗户，采光很好，坐在咖啡馆里可以见证着眼前光影的变化。金属材质的装饰为主，黑白为主要颜色，搭配上金色的金属圆桌，简单又高级。“在人口密聚的城市里，有这样一个宁静的去处，像是上帝的苦心安排。”这句话出自于史铁生的《我与地坛》。爱地坛的人如此称赞地坛，正如爱咖啡的人心里想要如此赞美咖啡馆。一个安静的角落，一杯咖啡，一本书，没有任何人的打扰，只有自己和时间的流逝。
91,故宫冰窖,2018-06-05 08:35:17,39.918638,116.394175,/poi/29554334.html,5,"冰窖咖啡在故宫内，慈宁宫附近，原本是紫禁城里储存冰块的地方，所以叫冰窖。咖啡馆整体风格简约，素白的墙面，简短几个词写明自己提供的服务，店里没有什么装饰，亮点是环绕半个咖啡馆的长方形窗户，窗户外面种了一排竹子，在红墙的衬托下自成风景。点了一杯热拿铁，味道跟星巴克不相上下，纸杯的包装也很简单讨喜。
坐在咖啡馆里休息，不一会儿有一位大哥进来招呼我们去对面坐坐，说对面人少还有书看，起初有点茫然，疑惑的看了看咖啡馆的店员，店员也笑着说“拿着咖啡过去就行，那边人少，我们都是一家的”。于是拿着咖啡坐到隔壁，这家店是卖故宫相关书籍和周边的，也可以喝茶，一坐下大哥就拿了本书给我，是历代嫔妃们的服装服饰图集，大哥很会推荐嘛。就这样，喝着咖啡，晒着皇宫里的太阳，看着嫔妃们的时尚潮流，故宫之行变得安逸许多。"
92,SOE COFFEESOE COFFEE,2018-06-04 18:32:55,39.928434,116.464283,/poi/34170140.html,4,"简的黑白搭配，装饰物相比于大部分咖啡馆也是少之又少。点了热拿铁，味道和口感都很不错。更值得一提的是这里的招牌咖啡“冠军啤酒花创意咖啡”，是2017年中国咖啡师大赛冠军的参赛咖啡，冠军同时也是这里的首席咖啡师。冠军咖啡的灵感来源于精酿啤酒，将精酿啤酒中的啤酒花（用于丰富啤酒的香气）融入Espresso，再加上适当比例的黄原胶增加咖啡的醇厚度，适当的云南咖啡花蜂蜜增加甜度，放在一个迷你啤酒瓶造型的玻璃瓶里，再将玻璃瓶至于充满冰块的器皿中冰镇，100分的特别。第一口就感受到了浓浓的啤酒香加咖啡香，只想给咖啡师的创意和大胆尝试点赞。
一个小缺点：咖啡馆是在一个办公大楼的入口处，喝咖啡的过程总是有人来来往往的，开门路过开门路过，不是很安静。
一个补充信息：Soe Coffee在北京有咖啡师培训学校，想学做咖啡的小伙伴们可以参考，我也是因为发了朋友圈想要学咖啡，才有很多朋友给我推荐了这家。"
93,GREYBOX Coffee,2018-06-04 18:24:39,39.91394,116.460989,/poi/29588394.html,5,"店铺是极简风，主视觉是灰白两色。咖啡品质是真的好，尤其是FlatWhite，澳洲系列的牛奶是从澳洲空运过来的，是这里的招牌，推荐。GREYBOX的手冲比较特别，上来的时候是一个大的分享杯装着咖啡，还有两个小杯子，其中一个小杯子里装了冰块，可以先后喝到热咖啡和冰咖啡两种口感。
有一天点单的时候眼前一亮，看到一款名叫“蓝藻拿铁”的饮品，赶紧点来满足一下好奇心。喝了才知道为什么归类在饮品类里，而不是咖啡类，虽然名为拿铁，其实是不含咖啡因的。蓝藻拿铁听起来可能很陌生，红丝绒拿铁大概会比较熟悉。
蓝色拿铁算是红丝绒拿铁的近亲了，但出现的比红丝绒拿铁更晚一些，目前还有很多个名字，比如蓝精灵拿铁，蓝丝绒拿铁，蓝藻拿铁啊等等，主要成分是蓝藻的提取物，是纯天然的植物色素带来的浅蓝色，在GREYBOX喝到的这款还加了椰奶和姜，口感和味道都比较独特。"
94,Seesaw Coffee(王府中环店),2018-06-04 18:12:47,39.912337,116.41051,/poi/34170112.html,5,"凭借对精品咖啡品质的把控，对咖啡文化的传播，以及美好的店铺设计，成为大批资深咖啡爱好者的心头爱，以及很多网红的拍照打卡圣地。王府中环店是Seesaw在北京的第一家店。开放的环境是Seesaw coffee的一个标志性设计，意在给咖啡爱好者和咖啡师一个更亲近更易于交流的空间，交换彼此的故事与灵感。即：See what you saw.
我点了花香味的flat white，云南咖啡豆的手冲，原本是奔着咖啡来的，反而让随意点到的提拉米苏成了惊喜，是我吃过质感最细腻的提拉米苏，十分推荐。
Seesaw的周边有着与店铺同样的极简设计，而我随拍时的心动一刻，竟然是角落里的一叠白色餐巾纸，被放在纯白色的托盘里，一个小小的黑白logo，自顾自躺在那里，却拥有线条与光线配合的美感。自此，好喝的咖啡与简单的美感，组成了我对Seesaw的印象。"
95,kiehl’s coffee houseKiehl'sCafe,2018-06-04 18:06:37,39.934862,116.454406,/poi/34170096.html,5,喝着金盏花拿铁，拍着金盏花爽肤水，内服外敷，双管齐下，大概皮肤可以好回18岁吧。听说科颜氏开了咖啡馆，第一时间奔着金盏花拿铁就去了，盯着咖啡师做完咖啡，在咖啡师要盖上盖子的一刻制止了他，这么美的咖啡我要一边看着它一边喝掉！亮橙色的金盏花和深红色的莓果，给咖啡加上了跳跃的新鲜感，完全心动，味道也很不错，喝完整个人心情特好。科颜氏的品牌理念是纯天然，纯天然到可以做成咖啡给你喝，倒也是情理之中，聪明又时髦的做法。店铺不大，一部分是护肤产品售卖区，另一部分是咖啡馆，咖啡馆座位少且小，不适宜工作，适宜短暂休息或咖啡外带。除了金盏花拿铁和牛油果思慕雪是科颜氏特饮，还有颜值动人的花酿饮品、金盏花和牛油果蛋糕，除此之外也有很多常规咖啡和蛋糕。可是，既然来了Kiehl’s Café，谁要点常规款呀。
96,MOLESKINE(三里屯旗舰店),2018-06-04 18:01:21,39.935725,116.454645,/poi/34170088.html,5,"咖啡馆的视觉形象延续也是强化了MOLESKINE的黑白色调和极简风，走进咖啡馆就像走进一本最具代表性的MOLESKINE黑皮笔记本。凭借梵高、海明威和毕加索的大神效应加持，再加上落地玻璃窗边的一杯热拿铁，如果想在北京做一个成为艺术家的美梦，大概这里是最佳地点了，精神内核与物质道具全部准备就绪，只差一个主角。
咖啡馆空间较大，也适宜工作，周末人还挺多的，不知道来这里做头脑风暴会不会灵感大爆发。"
97,小时光猫语时光咖啡书吧(财富购物中心店),2018-06-04 17:56:28,39.917362,116.459355,/poi/29594666.html,5,猫语时光在财富中心商场2层，隐藏在一家叫小时光的卖复古文艺小商品的店铺的最里面，提供各种饮品（咖啡不错），甜品（现烤的苹果派很好吃）和小吃。我点了咖啡坐在沙发写东西，一只刚刚被剃了毛，穿着粉色小毛衣的加菲猫一脸不开心（就是天生臭脸的那个品种）的坐在我的对面看着我，看着它不开心的样子我就不厚道的笑了。又过了一会儿，一只长的很像金毛狮王的猫咪也慢慢悠悠的跳上沙发，睡在我旁边，好温馨。重点是，咖啡馆里还有三个和式的小包间，可以脱了鞋子躺在里面休息，我去的时候就有姑娘在里面睡觉，三只猫咪就睡在她旁边，实在太治愈了。没有什么问题是猫咪陪你睡一觉解决不了的，如果有那就多睡一会儿吧。
98,URANOS SARIKAYAURANOS SARIKAYA,2018-05-01 02:09:12,38.715046,34.846658,/poi/8080301.html,5,"当土耳其的朋友说要带我们去一家游客最爱的餐厅的时候，我们本能反应是拒绝的，一餐下来，简直为自己的固有偏见羞愧，深受游客喜爱，也是有被喜爱的原因的。这家餐厅做的很用心，一进门在大堂的中央有一个土耳其人在演奏乐器，再搭配幽暗的环境，有在音乐厅欣赏演出的氛围。
土耳其烤羊肉是这家的招牌，肉质鲜嫩，特别好吃，喜欢吃辣的话，尤其推荐搭配干辣椒末，美味的再一次升华！"
99,阿瓦诺斯镇Avanos,2018-05-01 02:05:40,38.711161,34.842378,/poi/8080663.html,5,"土耳其是一个艺术气氛浓厚又热情的国家，而我对土耳其的艺术与热情的记忆，浓缩在了Avanos小镇，浓缩在了小镇尽头的一间艺术家的工作室里，浓缩在了街边晒着太阳跟我打牌的土耳其大叔那里。
小镇的入口处有很多的纪念品店，我们快速的路过了这些店铺往小镇的里面深入，越走越荒凉，没有游客，也没有什么当地人，大部分的房屋都有一种长期没人打理的破败感，就在快要失望的转身离开时，有一只黄色的猫咪出现在我们面前，看了看我们，就转身往更远处走，我们几个就这么莫名的被它吸引着，跟着它往小镇深处走，来到一个房屋门口，整个过程充满了神秘感。
走进房子，我的第一反应是“天呐，猫咪你真棒！”哈哈。这里不是一个店铺，而是一个艺术家的工作室，工作室里杂乱的铺满了各种艺术品，跟一路上见到的那些卖给游客的流水线纪念品完全不一样，每一个作品都独一无二。
工作室的拥有者是一位年轻的土耳其艺术家，看到我们进来，特别热情的邀请我们参观，还专门去烧水给我们冲土耳其咖啡。
一边喝咖啡一边聊天，原来艺术家的爸爸和祖父都是制作陶艺的大师，竟然走进了一个艺术世家。
最最最令我惊喜的是，艺术家竟然邀请我跟他一起完成他的作品！我主要负责雕刻络腮胡哈哈，我这受宠若惊胆战心惊的啊，生怕一笔下去把艺术品给毁了。
返回的路上，在小镇的一个类似于棋牌室的地方，偶遇一群晒着太阳喝着红茶打牌的土耳其大叔，来了一局。
突然，对这个小镇好感倍增～"
100,Temnni Hill观景山Temnni Hill,2018-05-01 01:57:19,38.631931,34.929473,/poi/9259489.html,5,于尔居普小镇里的一座观景山，又名wish hill，是一个游客不多，很安静，很舒心的地方，可以看到整个于尔居普小镇的夜景，红顶的房屋，绿色的树木，蓝色的夜空，橘黄色的光一闪一闪的。
101,卡帕多西亚卡亚卡匹高级洞穴酒店Kayakapi Premium Caves Cappadocia,2018-05-01 01:10:35,38.636265718313,34.903717339039,/poi/7059087.html,5,"酒店依悬崖而建，可以俯瞰于尔居普小镇的风景，夜景美到不想睡觉。
算是塞翁失马吧，因为早上4点被通知热气球因为风太大有安全问题全部取消，我就在悬崖边从凌晨4点待到了早上7点，就站在那里，听着鸟叫，看着眼前的城市，看天空从深紫色变成紫色再变成粉红和蓝色，很lala land的风景。
酒店里的每一个房间，都是以曾经的洞穴主人的名字命名，名字被刻在石板上挂在屋子门口，成为巧妙的欢迎。"
102,玫瑰谷Red and Rose Valley Tours,2018-05-01 01:04:17,38.6699642,34.8444467,/poi/6319943.html,5,"玫瑰谷因为岩石风化而成的形状像玫瑰花瓣而得名，并且这片区域的土地富含丰富的铁元素，呈现出红色。而我在玫瑰谷遇到了两个如玫瑰花般美好的土耳其姑娘，让我对这里的印象无比深刻。
玫瑰谷是徒步喀斯特地貌的好选择，这里沿着不同方向，有1000米到5000米的徒步路线可以选择。
当我朝山顶走去，空旷而安静的山谷突然飘来吉他的声音，于是我寻觅着音乐声而行，终点处是两个坐在山顶的女生。一个女生弹着吉他唱着歌，另一个女生一边随着音乐轻微的晃动身体，看着远处的风景。
一下子就被这个画面美到，看到了自由与快乐的样子。"
103,鸽子谷Pigeon Valley,2018-05-01 01:02:11,38.624083407141,34.806346326949,/poi/6319951.html,4,"鸽子谷有很多鸽子，但都有些懒，估计早已习惯了游客又是跺脚又是飞奔，面对大部分的动静它们都会沉着应对，主要应对办法就是看一眼然后继续低头吃东西。
这里是远眺乌奇希萨尔城堡的好角度。"
104,格雷梅国家公园Goreme National Park,2018-04-30 23:21:12,38.649218,34.83472,/poi/7398488.html,5,登上国家公园的某一处岩壁顶端，站在高处，俯瞰整个山谷，脑海里都是“我曾经跨过山河大海，也穿过人山人海”，不过，却依然悟不出平凡才是唯一的答案。
105,格雷梅镇Goreme Town,2018-04-30 21:52:37,38.643056,34.828889,/poi/8080175.html,5,"在卡帕多奇亚的旅途主要在三个小镇活动，拥有大部分自然人文景观的格雷梅小镇，安静舒服的于尔居普小镇，和情意满满的阿瓦诺斯小镇。
格雷梅小镇除了丰富的自然风光，例如鸽子谷，玫瑰谷，Camel Rock，格雷梅露天博物馆等等，还有很多可以逛的小店、可以在这里体验制作陶艺，也有很独特的我最喜欢的洞穴咖啡馆。"
106,卡帕多奇亚热气球Hot Air Ballooning,2018-04-30 21:41:19,38.648383058986,34.84480694165,/poi/6563711.html,5,"卡帕多奇亚的热气球公司很多，我们这次选的这家叫kapadokya balloons，这家公司提供热气球服务有25年了，比较放心，全程服务也很不错。
早上四点半热气球公司的车到酒店接我们出发，抵达公司后，可以简单的吃些早餐，这里会提供面包、点心、水果、咖啡和土耳其红茶等等。
等待的过程中会有工作人员来讲解乘坐热气球的安全须知，以及介绍飞行员的名字，当地朋友说这边的热气球驾驶员是被称为飞行员的。
飞行结束不要着急离开，会有一个小Party，工作人员会迅速在热气球旁边搭起一个小空间，有花有酒有甜品，飞行员会开香槟庆祝飞行顺利，大呼一声“Celebrate the survival！”，最后还会很正式的颁发一个飞行证书，新旅行证书get～"
